Workbook

Sheet Rutas
A1: fecha | B1: Centro origen | C1: CO | D1: Centro destino | E1: CD | G1: Municio origen | H1: Municipio destino | I1: Tipo de tráiler | J1: Configuracion | K1: Naturaleza | L1: Nuevo CYD 2026 | M1: Costo sin cyd
A2: 46235 | B2: GASEOSAS LUX BOGOTA | C2: 0021 | D2: POSTOBON YUMBO | E2: 0410 | F2: =C2&E2 -> 00210410 | G2: =IFERROR(VLOOKUP(F2,Hoja2!$K$2:$M$1198,2,FALSE),0) -> 11001000 | H2: =IFERROR(VLOOKUP(F2,Hoja2!$K$2:$M$1198,3,FALSE),0) -> 76892000 | I2: Carrocería | J2: 3S3 | K2: Normal | L2: 601831 | M2: 1989497
A3: 46235 | B3: POSTOBON YUMBO | C3: 0410 | D3: GASEOSAS LUX BOGOTA | E3: 0021 | F3: =C3&E3 -> 04100021 | G3: =IFERROR(VLOOKUP(F3,Hoja2!$K$2:$M$1198,2,FALSE),0) -> 76892000 | H3: =IFERROR(VLOOKUP(F3,Hoja2!$K$2:$M$1198,3,FALSE),0) -> 11001000 | I3: Carrocería | J3: 3S3 | K3: Normal | L3: 601831 | M3: 1966031
A4: 46235 | B4: POSTOBON YUMBO | C4: 0410 | D4: POSTOBON BELLO | E4: 0079 | F4: =C4&E4 -> 04100079 | G4: =IFERROR(VLOOKUP(F4,Hoja2!$K$2:$M$1198,2,FALSE),0) -> 76892000 | H4: =IFERROR(VLOOKUP(F4,Hoja2!$K$2:$M$1198,3,FALSE),0) -> 5088000 | I4: Carrocería | J4: 3S3 | K4: Normal | L4: 601854 | M4: 1916533
A5: 46235 | B5: POSTOBON MALAMBO | C5: 0111 | D5: POSTOBON BELLO | E5: 0079 | F5: =C5&E5 -> 01110079 | G5: =IFERROR(VLOOKUP(F5,Hoja2!$K$2:$M$1198,2,FALSE),0) -> 8433000 | H5: =IFERROR(VLOOKUP(F5,Hoja2!$K$2:$M$1198,3,FALSE),0) -> 5088000 | I5: Carrocería | J5: 3S3 | K5: Normal | L5: 601854 | M5: 2832834
A6: 46235 | B6: GASEOSAS LUX BOGOTA | C6: 0021 | D6: POSTOBON BELLO | E6: 0079 | F6: =C6&E6 -> 00210079 | G6: =IFERROR(VLOOKUP(F6,Hoja2!$K$2:$M$1198,2,FALSE),0) -> 11001000 | H6: =IFERROR(VLOOKUP(F6,Hoja2!$K$2:$M$1198,3,FALSE),0) -> 5088000 | I6: Carrocería | J6: 3S3 | K6: Normal | L6: 631814 | M6: 1915470
A7: 46235 | B7: GASEOSAS LUX BOGOTA | C7: 0021 | D7: GASEOSAS LUX PIEDECUESTA | E7: 0422 | F7: =C7&E7 -> 00210422 | G7: =IFERROR(VLOOKUP(F7,Hoja2!$K$2:$M$1198,2,FALSE),0) -> 11001000 | H7: =IFERROR(VLOOKUP(F7,Hoja2!$K$2:$M$1198,3,FALSE),0) -> 68547000 | I7: Carrocería | J7: 3S3 | K7: Normal | L7: 518820 | M7: 1887811
A8: 46235 | B8: POSTOBON MALAMBO | C8: 0111 | D8: GASEOSAS LUX PIEDECUESTA | E8: 0422 | F8: =C8&E8 -> 01110422 | G8: =IFERROR(VLOOKUP(F8,Hoja2!$K$2:$M$1198,2,FALSE),0) -> 8433000 | H8: =IFERROR(VLOOKUP(F8,Hoja2!$K$2:$M$1198,3,FALSE),0) -> 68547000 | I8: Carrocería | J8: 3S3 | K8: Normal | L8: 518840 | M8: 2679623
A9: 46235 | B9: GASEOSAS LUX PIEDECUESTA | C9: 0422 | D9: GASEOSAS LUX CUCUTA | E9: 0438 | F9: =C9&E9 -> 04220438 | G9: =IFERROR(VLOOKUP(F9,Hoja2!$K$2:$M$1198,2,FALSE),0) -> 68547000 | H9: =IFERROR(VLOOKUP(F9,Hoja2!$K$2:$M$1198,3,FALSE),0) -> 54001000 | I9: Carrocería | J9: 3S3 | K9: Normal | L9: 518840 | M9: 1304435
A10: 46235 | B10: POSTOBON YUMBO | C10: 0410 | D10: GASEOSAS LUX NEIVA | E10: 0385 | F10: =C10&E10 -> 04100385 | G10: =IFERROR(VLOOKUP(F10,Hoja2!$K$2:$M$1198,2,FALSE),0) -> 76892000 | H10: =IFERROR(VLOOKUP(F10,Hoja2!$K$2:$M$1198,3,FALSE),0) -> 41001000 | I10: Carrocería | J10: 3S3 | K10: Normal | L10: 616420 | M10: 2024731
A11: 46235 | B11: POSTOBON BELLO | C11: 0079 | D11: POSTOBON YUMBO | E11: 0410 | F11: =C11&E11 -> 00790410 | G11: =IFERROR(VLOOKUP(F11,Hoja2!$K$2:$M$1198,2,FALSE),0) -> 5088000 | H11: =IFERROR(VLOOKUP(F11,Hoja2!$K$2:$M$1198,3,FALSE),0) -> 76892000 | I11: Carrocería | J11: 3S3 | K11: Normal | L11: 518840 | M11: 1909051
A12: 46235 | B12: POSTOBON MALAMBO | C12: 0111 | D12: CEDI ITAGUI | E12: 0292 | F12: =C12&E12 -> 01110292 | G12: =IFERROR(VLOOKUP(F12,Hoja2!$K$2:$M$1198,2,FALSE),0) -> 8433000 | H12: =IFERROR(VLOOKUP(F12,Hoja2!$K$2:$M$1198,3,FALSE),0) -> 5360000 | I12: Carrocería | J12: 3S3 | K12: Normal | L12: 518840 | M12: 2868377
A13: 46235 | B13: POSTOBON BELLO | C13: 0079 | D13: POSTOBON MALAMBO | E13: 0111 | F13: =C13&E13 -> 00790111 | G13: =IFERROR(VLOOKUP(F13,Hoja2!$K$2:$M$1198,2,FALSE),0) -> 5088000 | H13: =IFERROR(VLOOKUP(F13,Hoja2!$K$2:$M$1198,3,FALSE),0) -> 8433000 | I13: Carrocería | J13: 3S3 | K13: Normal | L13: 518840 | M13: 2932449
... A1283: 46235 | B1283: CEDI CARTAGENA | C1283: 0113 | D1283: CEDI ITAGUI | E1283: 0292 | F1283: =C1283&E1283 -> 01130292 | G1283: =IFERROR(VLOOKUP(F1283,Hoja2!$K$2:$M$1198,2,FALSE),0) -> 0 | H1283: =IFERROR(VLOOKUP(F1283,Hoja2!$K$2:$M$1198,3,FALSE),0) -> 0 | I1283: Carrocería | J1283: 3S3 | K1283: Normal | L1283: 598599 | M1283: 2876934
A1284: 46235 | B1284: ESTACION FERREA LA DORADA | C1284: 50393 | D1284: GYJ FERRETERIAS MARINILLA | E1284: 50869 | F1284: =C1284&E1284 -> 5039350869 | G1284: =IFERROR(VLOOKUP(F1284,Hoja2!$K$2:$M$1198,2,FALSE),0) -> 0 | H1284: =IFERROR(VLOOKUP(F1284,Hoja2!$K$2:$M$1198,3,FALSE),0) -> 0 | I1284: Carrocería | J1284: 3S3 | K1284: Normal | M1284: 1039661
A1285: 46235 | B1285: ESTACION FERREA LA DORADA | C1285: 50393 | D1285: ITAGUI | E1285: 60022 | F1285: =C1285&E1285 -> 5039360022 | G1285: =IFERROR(VLOOKUP(F1285,Hoja2!$K$2:$M$1198,2,FALSE),0) -> 0 | H1285: =IFERROR(VLOOKUP(F1285,Hoja2!$K$2:$M$1198,3,FALSE),0) -> 0 | I1285: Carrocería | J1285: 3S3 | K1285: Normal | M1285: 1184288
A1286: 46235 | B1286: ESTACION FERREA LA DORADA | C1286: 50393 | D1286: BELLO | E1286: 60014 | F1286: =C1286&E1286 -> 5039360014 | G1286: =IFERROR(VLOOKUP(F1286,Hoja2!$K$2:$M$1198,2,FALSE),0) -> 0 | H1286: =IFERROR(VLOOKUP(F1286,Hoja2!$K$2:$M$1198,3,FALSE),0) -> 0 | I1286: Carrocería | J1286: 3S3 | K1286: Normal | M1286: 1139404
A1287: 46235 | B1287: GASEOSAS LUX CUCUTA | C1287: 0438 | D1287: POSTOBON MEDELLIN | E1287: 0092 | F1287: =C1287&E1287 -> 04380092 | G1287: =IFERROR(VLOOKUP(F1287,Hoja2!$K$2:$M$1198,2,FALSE),0) -> 0 | H1287: =IFERROR(VLOOKUP(F1287,Hoja2!$K$2:$M$1198,3,FALSE),0) -> 0 | I1287: Carrocería | J1287: 3S3 | K1287: Normal | L1287: 601854 | M1287: 2734801
A1288: 46235 | B1288: CEDI CALLE 80 | C1288: 0035 | D1288: POSTOBON PEREIRA | E1288: 0198 | F1288: =C1288&E1288 -> 00350198 | G1288: =IFERROR(VLOOKUP(F1288,Hoja2!$K$2:$M$1198,2,FALSE),0) -> 0 | H1288: =IFERROR(VLOOKUP(F1288,Hoja2!$K$2:$M$1198,3,FALSE),0) -> 0 | I1288: Carrocería | J1288: 3S3 | K1288: Normal | L1288: 718527 | M1288: 1679642
A1289: 46235 | B1289: ESTACION FERREA LA DORADA | C1289: 50393 | D1289: CEDI RIONEGRO | E1289: 0090 | F1289: =C1289&E1289 -> 503930090 | G1289: =IFERROR(VLOOKUP(F1289,Hoja2!$K$2:$M$1198,2,FALSE),0) -> 0 | H1289: =IFERROR(VLOOKUP(F1289,Hoja2!$K$2:$M$1198,3,FALSE),0) -> 0 | I1289: Carrocería | J1289: 3S3 | K1289: Normal | M1289: 1044648
A1290: 46235 | B1290: ESTACION FERREA LA DORADA | C1290: 50393 | D1290: CEDI CHIGORODO | E1290: 0074 | F1290: =C1290&E1290 -> 503930074 | G1290: =IFERROR(VLOOKUP(F1290,Hoja2!$K$2:$M$1198,2,FALSE),0) -> 0 | H1290: =IFERROR(VLOOKUP(F1290,Hoja2!$K$2:$M$1198,3,FALSE),0) -> 0 | I1290: Carrocería | J1290: 3S3 | K1290: Normal | M1290: 2332965
A1291: 46235 | B1291: CEDI ARACATACA | C1291: 0119 | D1291: POSTOBON MALAMBO | E1291: 0111 | F1291: =C1291&E1291 -> 01190111 | G1291: =IFERROR(VLOOKUP(F1291,Hoja2!$K$2:$M$1198,2,FALSE),0) -> 0 | H1291: =IFERROR(VLOOKUP(F1291,Hoja2!$K$2:$M$1198,3,FALSE),0) -> 0 | I1291: Carrocería | J1291: 3S3 | K1291: Normal | L1291: 694945 | M1291: 844652
A1292: 46235 | B1292: PUERTO CONTECAR CARTAGENA | C1292: 3002 | D1292: POSTOBON MALAMBO | E1292: 0111 | F1292: =C1292&E1292 -> 30020111 | G1292: =IFERROR(VLOOKUP(F1292,Hoja2!$K$2:$M$1198,2,FALSE),0) -> 0 | H1292: =IFERROR(VLOOKUP(F1292,Hoja2!$K$2:$M$1198,3,FALSE),0) -> 0 | I1292: Carrocería | J1292: 3S3 | K1292: Normal | L1292: 333367 | M1292: 836044
A1293: 46235 | B1293: PUERTO CONTECAR CARTAGENA | C1293: 3002 | D1293: GASEOSAS LUX BOGOTA | E1293: 0021 | F1293: =C1293&E1293 -> 30020021 | G1293: =IFERROR(VLOOKUP(F1293,Hoja2!$K$2:$M$1198,2,FALSE),0) -> 0 | H1293: =IFERROR(VLOOKUP(F1293,Hoja2!$K$2:$M$1198,3,FALSE),0) -> 0 | I1293: Carrocería | J1293: 3S3 | K1293: Normal | L1293: 300927 | M1293: 4481394
A1294: 46235 | B1294: PUERTO CONTECAR CARTAGENA | C1294: 3002 | D1294: POSTOBON BELLO | E1294: 0079 | F1294: =C1294&E1294 -> 30020079 | G1294: =IFERROR(VLOOKUP(F1294,Hoja2!$K$2:$M$1198,2,FALSE),0) -> 0 | H1294: =IFERROR(VLOOKUP(F1294,Hoja2!$K$2:$M$1198,3,FALSE),0) -> 0 | I1294: Carrocería | J1294: 3S3 | K1294: Normal | L1294: 321000 | M1294: 2964210
A1295: 46235 | B1295: PUERTO CONTECAR CARTAGENA | C1295: 3002 | D1295: POSTOBON YUMBO | E1295: 0410 | F1295: =C1295&E1295 -> 30020410 | G1295: =IFERROR(VLOOKUP(F1295,Hoja2!$K$2:$M$1198,2,FALSE),0) -> 0 | H1295: =IFERROR(VLOOKUP(F1295,Hoja2!$K$2:$M$1198,3,FALSE),0) -> 0 | I1295: Carrocería | J1295: 3S3 | K1295: Normal | L1295: 300927 | M1295: 4664503
A1296: 46235 | B1296: POSTOBON BELLO | C1296: 0079 | D1296: POSTOBON NORTE | E1296: 0043 | F1296: =C1296&E1296 -> 00790043 | G1296: =IFERROR(VLOOKUP(F1296,Hoja2!$K$2:$M$1198,2,FALSE),0) -> 0 | H1296: =IFERROR(VLOOKUP(F1296,Hoja2!$K$2:$M$1198,3,FALSE),0) -> 0 | I1296: Carrocería | J1296: 3S3 | K1296: Normal | L1296: 642000 | M1296: 357669
A1297: 46235 | B1297: HOT FILL PARQUE INDUSTRIAL LA REGIONAL | C1297: 3041 | D1297: POSTOBON BELLO | E1297: 0079 | F1297: =C1297&E1297 -> 30410079 | G1297: =IFERROR(VLOOKUP(F1297,Hoja2!$K$2:$M$1198,2,FALSE),0) -> 0 | H1297: =IFERROR(VLOOKUP(F1297,Hoja2!$K$2:$M$1198,3,FALSE),0) -> 0 | I1297: Carrocería | J1297: 3S3 | K1297: Normal | L1297: 686792 | M1297: 604057
A1298: 46235 | B1298: GASEOSAS LUX VALLEDUPAR | C1298: 0447 | D1298: CEDI ARACATACA | E1298: 0119 | F1298: =C1298&E1298 -> 04470119 | G1298: =IFERROR(VLOOKUP(F1298,Hoja2!$K$2:$M$1198,2,FALSE),0) -> 0 | H1298: =IFERROR(VLOOKUP(F1298,Hoja2!$K$2:$M$1198,3,FALSE),0) -> 0 | I1298: Carrocería | J1298: 3S3 | K1298: Normal | L1298: 838658 | M1298: 1141897
A1299: 46235 | B1299: ESTACION FERREA LA DORADA | C1299: 50393 | D1299: GASEOSAS LUX VILLAVICENCIO | E1299: 0393 | F1299: =C1299&E1299 -> 503930393 | G1299: =IFERROR(VLOOKUP(F1299,Hoja2!$K$2:$M$1198,2,FALSE),0) -> 0 | H1299: =IFERROR(VLOOKUP(F1299,Hoja2!$K$2:$M$1198,3,FALSE),0) -> 0 | I1299: Carrocería | J1299: 3S3 | K1299: Normal | L1299: 300927 | M1299: 1292546
A1300: 46235 | B1300: GASEOSAS LUX MONTERIA | C1300: 0381 | D1300: CEDI ARACATACA | E1300: 0119 | F1300: =C1300&E1300 -> 03810119 | G1300: =IFERROR(VLOOKUP(F1300,Hoja2!$K$2:$M$1198,2,FALSE),0) -> 0 | H1300: =IFERROR(VLOOKUP(F1300,Hoja2!$K$2:$M$1198,3,FALSE),0) -> 0 | I1300: Carrocería | J1300: 3S3 | K1300: Normal | L1300: 824081 | M1300: 1647928
A1301: 46235 | B1301: GASEOSAS LUX MONTERIA | C1301: 0381 | D1301: CEDI MAICAO | E1301: 0230 | F1301: =C1301&E1301 -> 03810230 | G1301: =IFERROR(VLOOKUP(F1301,Hoja2!$K$2:$M$1198,2,FALSE),0) -> 0 | H1301: =IFERROR(VLOOKUP(F1301,Hoja2!$K$2:$M$1198,3,FALSE),0) -> 0 | I1301: Carrocería | J1301: 3S3 | K1301: Normal | L1301: 824081 | M1301: 2390312
A1302: 46235 | B1302: GASEOSAS LUX MONTERIA | C1302: 0381 | D1302: duita | E1302: 0239 | F1302: =C1302&E1302 -> 03810239 | G1302: =IFERROR(VLOOKUP(F1302,Hoja2!$K$2:$M$1198,2,FALSE),0) -> 0 | H1302: =IFERROR(VLOOKUP(F1302,Hoja2!$K$2:$M$1198,3,FALSE),0) -> 0 | I1302: Carrocería | J1302: 3S3 | K1302: Normal | L1302: 781267 | M1302: 2500029

Sheet Hoja2
A1: CodOrigen | B1: CentroOrigen | C1: CodDestino | D1: CentroDestino | E1: Operacion | F1: Flota | G1: TipoVehiculo | H1: ConfiguracionDerivada | I1: ConfiguracionUsada | J1: Trailer | L1: OrigenSicetacUsado | M1: DestinoSicetacUsado
A2: 0021 | B2: LUX | C2: 0022 | D2: MADRI | E2: PRODUCTO | F2: Propio | G2: Carrocería | H2: 3S3 | I2: 3S3 | J2: Carrocería | K2: =A2&C2 -> 00210022 | L2: 11001000 | M2: 25430000
A3: 0021 | B3: LUX | C3: 0024 | D3: MESA | E3: PRODUCTO | F3: Propio | G3: Carrocería | H3: 3S3 | I3: 3S3 | J3: Carrocería | K3: =A3&C3 -> 00210024 | L3: 11001000 | M3: 25386000
A4: 0021 | B4: LUX | C4: 0025 | D4: VILLE | E4: PRODUCTO | F4: Propio | G4: Carrocería | H4: 3S3 | I4: 3S3 | J4: Carrocería | K4: =A4&C4 -> 00210025 | L4: 11001000 | M4: 25875000
A5: 0022 | B5: MADRI | C5: 0021 | D5: LUX | E5: PRODUCTO | F5: Propio | G5: Carrocería | H5: 3S3 | I5: 3S3 | J5: Carrocería | K5: =A5&C5 -> 00220021 | L5: 25430000 | M5: 11001000
A6: 0021 | B6: LUX | C6: 0079 | D6: BELLO | E6: PRODUCTO | F6: Propio | G6: Carrocería | H6: 3S3 | I6: 3S3 | J6: Carrocería | K6: =A6&C6 -> 00210079 | L6: 11001000 | M6: 5088000
A7: 0021 | B7: LUX | C7: 0090 | D7: RIONE | E7: PRODUCTO | F7: Propio | G7: Carrocería | H7: 3S3 | I7: 3S3 | J7: Carrocería | K7: =A7&C7 -> 00210090 | L7: 11001000 | M7: 5615000
A8: 0021 | B8: LUX | C8: 0092 | D8: MEDEL | E8: PRODUCTO | F8: Propio | G8: Carrocería | H8: 3S3 | I8: 3S3 | J8: Carrocería | K8: =A8&C8 -> 00210092 | L8: 11001000 | M8: 5001000
A9: 0021 | B9: LUX | C9: 0113 | D9: CARTA | E9: PRODUCTO | F9: Propio | G9: Carrocería | H9: 3S3 | I9: 3S3 | J9: Carrocería | K9: =A9&C9 -> 00210113 | L9: 11001000 | M9: 13001000
A10: 0021 | B10: LUX | C10: 0118 | D10: STAMT | E10: PRODUCTO | F10: Propio | G10: Carrocería | H10: 3S3 | I10: 3S3 | J10: Carrocería | K10: =A10&C10 -> 00210118 | L10: 11001000 | M10: 47001000
A11: 0021 | B11: LUX | C11: 0126 | D11: POPAY | E11: PRODUCTO | F11: Propio | G11: Carrocería | H11: 3S3 | I11: 3S3 | J11: Carrocería | K11: =A11&C11 -> 00210126 | L11: 11001000 | M11: 19001000
A12: 0021 | B12: LUX | C12: 0131 | D12: BTURA | E12: PRODUCTO | F12: Propio | G12: Carrocería | H12: 3S3 | I12: 3S3 | J12: Carrocería | K12: =A12&C12 -> 00210131 | L12: 11001000 | M12: 76109000
A13: 0021 | B13: LUX | C13: 0134 | D13: DOSQU | E13: PRODUCTO | F13: Propio | G13: Carrocería | H13: 3S3 | I13: 3S3 | J13: Carrocería | K13: =A13&C13 -> 00210134 | L13: 11001000 | M13: 66170000
... A1198: 0292 | B1198: ITAGU | C1198: 0113 | D1198: CARTA | E1198: PRODUCTO | F1198: Propio | G1198: Carrocería | H1198: 3S3 | I1198: 3S3 | J1198: Carrocería | K1198: =A1198&C1198 -> 02920113 | L1198: 5360000 | M1198: 13001000
