Workbook

Sheet Ciudad tablero
A1: CIUDAD REGULADA MAESTRO | B1: NOMORIGEN | C1: ORIGEN
A2: SANTA ROSA DEL SUR BOLIVAR | B2: SANTA ROSA DEL SUR BOLIVAR | C2: 13688000
A3: CIMITARRA SANTANDER | B3: CIMITARRA SANTANDER | C3: 68190000
B4: ABREGO NORTE DE SANTANDER | C4: 54003000
A5: ACACIAS META | B5: ACACIAS META | C5: 50006000
B6: ADJUNTAS AGUACHICA CESAR | C6: 20011016
A7: PARAGUACHON MAICAO LA GUAJIRA | B7: PARAGUACHON MAICAO LA GUAJIRA | C7: 44430007
A8: AEROPUERTO RIONEGRO ANTIOQUIA | B8: AEROPUERTO RIONEGRO ANTIOQUIA | C8: 5615010
B9: AGUA DE DIOS CUNDINAMARCA | C9: 25001000
A10: AGUACHICA CESAR | B10: AGUACHICA CESAR | C10: 20011000
B11: AGUADAS CALDAS | C11: 17013000
A12: ARROYOHONDO YUMBO VALLE DEL CAUCA | B12: ARROYOHONDO YUMBO VALLE DEL CAUCA | C12: 76892017
B13: AGUAZUL CASANARE | C13: 85010000
A14: AGUSTIN CODAZZI | B14: AGUSTIN CODAZZI CESAR | C14: 20013000
B15: AIPE HUILA | C15: 41016000
B16: ALBAN CUNDINAMARCA | C16: 25019000
A17: ALBANIA | B17: ALBANIA LA GUAJIRA | C17: 44035000
B18: ALCALA VALLE DEL CAUCA | C18: 76020000
B19: ALVARADO TOLIMA | C19: 73026000
A20: AMAGA ANTIOQUIA | B20: AMAGA ANTIOQUIA | C20: 5030000
B21: AMALFI ANTIOQUIA | C21: 5031000
B22: ANAPOIMA CUNDINAMARCA | C22: 25035000
B23: ANDALUCIA VALLE DEL CAUCA | C23: 76036000
B24: ANDES ANTIOQUIA | C24: 5034000
B25: ANOLAIMA CUNDINAMARCA | C25: 25040000
A26: ANSERMANUEVO VALLE DEL CAUCA | B26: ANSERMANUEVO VALLE DEL CAUCA | C26: 76041000
B27: ANTONIA SANTOS TOCANCIPA CUNDINAMARCA | C27: 25817014
A28: APARTADO ANTIOQUIA | B28: APARTADO ANTIOQUIA | C28: 5045000
B29: APIAY VILLAVICENCIO META | C29: 50001019
A30: ARACATACA MAGDALENA | B30: ARACATACA MAGDALENA | C30: 47053000
B31: ARATOCA SANTANDER | C31: 68051000
A32: ARAUCA ARAUCA | B32: ARAUCA ARAUCA | C32: 81001000
A33: NUEVA COLONIA TURBO ANTIOQUIA | B33: NUEVA COLONIA TURBO ANTIOQUIA | C33: 5837002
B34: ARAUCA PALESTINA CALDAS | C34: 17524001
B35: ARAUQUITA ARAUCA | C35: 81065000
B36: ARBELAEZ CUNDINAMARCA | C36: 25053000
B37: ARBOLETES ANTIOQUIA | C37: 5051000
B38: ARCABUCO BOYACA | C38: 15051000
B39: ARGELIA CAUCA | C39: 19050000
B40: ARIGUANI MAGDALENA | C40: 47058000
A41: ARJONA BOLIVAR | B41: ARJONA BOLIVAR | C41: 13052000
A42: ARMENIA | B42: ARMENIA QUINDIO | C42: 63001000
B43: ARROYOHONDO BOLIVAR | C43: 13062000
B44: ARROYOHONDO YUMBO VALLE DEL CAUCA | C44: 76892017
B45: ASTREA CESAR | C45: 20032000
B46: AYACUCHO LA GLORIA CESAR | C46: 20383001
B47: BALBOA CAUCA | C47: 19075000
B48: BALBOA RISARALDA | C48: 66075000
B49: BARANOA ATLANTICO | C49: 8078000
B50: BARBACOAS NARINO | C50: 52079000
B51: BARBOSA ANTIOQUIA | C51: 5079000
A52: BARBOSA SANTANDER | B52: BARBOSA SANTANDER | C52: 68077000
B53: BARRANCA DE UPIA META | C53: 50110000
A54: BARRANCABERMEJA | B54: BARRANCABERMEJA SANTANDER | C54: 68081000
A55: BARRANQUILLA | B55: BARRANQUILLA ATLANTICO | C55: 8001000
B56: BAYUNCA CARTAGENA BOLIVAR | C56: 13001004
A57: BECERRIL CESAR | B57: BECERRIL CESAR | C57: 20045000
B58: BELEN DE UMBRIA RISARALDA | C58: 66088000
B59: BELENCITO NOBSA BOYACA | C59: 15491001
A60: BELLO ANTIOQUIA | B60: BELLO ANTIOQUIA | C60: 5088000
B61: BETULIA SANTANDER | C61: 68092000
A62: BOGOTA | B62: BOGOTA BOGOTA D. C. | C62: 11001000
B63: BOJACA CUNDINAMARCA | C63: 25099000
B64: BOLIVAR CAUCA | C64: 19100000
B65: BOLOMBOLO VENECIA ANTIOQUIA | C65: 5861002
A66: BOSCONIA CESAR | B66: BOSCONIA CESAR | C66: 20060000
B67: BRICENO SOPO CUNDINAMARCA | C67: 25758006
A68: BUCARAMANGA | B68: BUCARAMANGA SANTANDER | C68: 68001000
A69: BUENAVENTURA | B69: BUENAVENTURA VALLE DEL CAUCA | C69: 76109000
B70: BUENAVISTA QUINDIO | C70: 63111000
A71: BUGA | B71: BUGALAGRANDE VALLE DEL CAUCA | C71: 76113000
B72: BURITICA ANTIOQUIA | C72: 5113000
B73: BURITICA SANTA MARTA MAGDALENA | C73: 47001011
B74: CABUYARO META | C74: 50124000
B75: CAICEDONIA VALLE DEL CAUCA | C75: 76122000
B76: CAJAMARCA TOLIMA | C76: 73124000
A77: CAJICA CUNDINAMARCA | B77: CAJICA CUNDINAMARCA | C77: 25126000
A78: CALAMAR BOLIVAR | B78: CALAMAR BOLIVAR | C78: 13140000
A79: CALARCA QUINDIO | B79: CALARCA QUINDIO | C79: 63130000
A80: CALDAS ANTIOQUIA | B80: CALDAS ANTIOQUIA | C80: 5129000
B81: CALDONO CAUCA | C81: 19137000
A82: CALI | B82: CALI VALLE DEL CAUCA | C82: 76001000
B83: CALIMA VALLE DEL CAUCA | C83: 76126000
A84: CALOTO CAUCA | B84: CALOTO CAUCA | C84: 19142000
B85: CAMPO DOS TIBU NORTE DE SANTANDER | C85: 54810017
A86: CAMPOALEGRE HUILA | B86: CAMPOALEGRE HUILA | C86: 41132000
A87: CANDELARIA VALLE DEL CAUCA | B87: CANDELARIA VALLE DEL CAUCA | C87: 76130000
B88: CANO CHIQUITO PAZ DE ARIPORO CASANARE | C88: 85250003
B89: CAÑASGORDAS CAÑASGORDAS ANTIOQUIA | C89: 5138000
B90: CAPARRAPI CUNDINAMARCA | C90: 25148000
A91: CAQUEZA CUNDINAMARCA | B91: CAQUEZA CUNDINAMARCA | C91: 25151000
B92: CAREPA ANTIOQUIA | C92: 5147000
A93: CARTAGENA | B93: CARTAGENA BOLIVAR | C93: 13001000
A94: CARTAGO | B94: CARTAGO VALLE DEL CAUCA | C94: 76147000
B95: CASTILLA LA NUEVA META | C95: 50150000
A96: CAUCASIA ANTIOQUIA | B96: CAUCASIA ANTIOQUIA | C96: 5154000
A97: CERETE CORDOBA | B97: CERETE CORDOBA | C97: 23162000
B98: CHAPARRAL TOLIMA | C98: 73168000
B99: CHARALA SANTANDER | C99: 68167000
A100: CHIA | B100: CHIA CUNDINAMARCA | C100: 25175000
...

Sheet Calculo viajes maximos
B1: viaje smaximos al mes
A2: 0 | B2: 25 | C2: -
A3: 250 | B3: 25 | C3: 6250
A4: 251 | B4: 16 | C4: 4016 | D4: 1.5
A5: 500 | B5: 16 | C5: 8000 | D5: =25/B5 -> 1.5625
A6: 501 | B6: 12 | C6: 6012 | D6: 2
A7: 800 | B7: 12 | C7: 9600 | D7: =25/B7 -> 2.0833333
A8: 801 | B8: 8 | C8: 6408 | D8: 3
A9: 1100 | B9: 8 | C9: 8800 | D9: =25/B9 -> 3.125
A10: 1101 | B10: 6 | C10: 6606 | D10: 4
A11: 1400 | B11: 6 | C11: 8400 | D11: =25/B11 -> 4.1666667
A12: 1401 | B12: 5 | C12: 7005 | D12: =25/B12 -> 5
A13: 1700 | B13: 5 | C13: 8500 | D13: =25/B13 -> 5

Sheet Hoja3

Sheet Maestro de rutas depurado
A1: Origen | B1: Regional origen | C1: Ciudad origen | D1: Codigo origen | E1: Destino | F1: Regional destino | G1: Ciudad destino | H1: Codigo destino | I1: Llave simple | J1: Horas viaje | K1: Kilometros | L1: Operación | M1: Ruta | N1: Estado | O1: viajes maximos | P1: Verificacion
A2: ACACÍAS | B2: =IFERROR(VLOOKUP(A2,hoja!$A$2:$E$970,4,FALSE),0) -> CENTRO | C2: =IFERROR(VLOOKUP(A2,hoja!$A$2:$E$1370,5,FALSE),0) -> ACACÍAS | D2: =IFERROR(VLOOKUP(A2,hoja!A:D,3,FALSE),0) -> 60004 | E2: NUTRIMENTI COPACABANA | F2: =IFERROR(VLOOKUP(E2,hoja!$A$2:$E$970,4,FALSE),0) -> ANTIOQUIA | G2: =IFERROR(VLOOKUP(E2,hoja!$A$2:$E$970,5,FALSE),0) -> MEDELLÍN | H2: =IFERROR(VLOOKUP(E2,hoja!A:C,3,FALSE),0) -> 50443 | I2: =D2&H2 -> 6000450443 | J2: 29.68 | K2: 542 | L2: =IF(B2=F2,"REGIONAL","NACIONAL") -> NACIONAL | M2: Principal | N2: {=IFERROR(IF(M2="Principal","LES_ACTIVE",LES_INACTIVE),0)} -> LES_ACTIVE | O2: =IF(K2<=250,25,IF(K2<=500,16,IF(K2<=800,12,IF(K2<=1100,8,IF(K2<=1400,6,IF(K2<=1700,5)))))) -> 12 | P2: =D2&H2&M2 -> 6000450443Principal
A3: AIRGAS MEDELLIN | B3: =IFERROR(VLOOKUP(A3,hoja!$A$2:$E$970,4,FALSE),0) -> ANTIOQUIA | C3: =IFERROR(VLOOKUP(A3,hoja!$A$2:$E$1370,5,FALSE),0) -> MEDELLÍN | D3: =IFERROR(VLOOKUP(A3,hoja!A:D,3,FALSE),0) -> 60100 | E3: DF TOCANCIPA AIR LIQUIDE | F3: =IFERROR(VLOOKUP(E3,hoja!$A$2:$E$970,4,FALSE),0) -> CENTRO | G3: =IFERROR(VLOOKUP(E3,hoja!$A$2:$E$970,5,FALSE),0) -> SESQUILÉ | H3: =IFERROR(VLOOKUP(E3,hoja!A:C,3,FALSE),0) -> 50193 | I3: =D3&H3 -> 6010050193 | K3: 448 | L3: =IF(B3=F3,"REGIONAL","NACIONAL") -> NACIONAL | M3: La vega | N3: LES_INACTIVE | O3: =IF(K3<=250,25,IF(K3<=500,16,IF(K3<=800,12,IF(K3<=1100,8,IF(K3<=1400,6,IF(K3<=1700,5)))))) -> 16 | P3: =D3&H3&M3 -> 6010050193La vega
A4: AIRGAS MEDELLIN | B4: =IFERROR(VLOOKUP(A4,hoja!$A$2:$E$970,4,FALSE),0) -> ANTIOQUIA | C4: =IFERROR(VLOOKUP(A4,hoja!$A$2:$E$1370,5,FALSE),0) -> MEDELLÍN | D4: =IFERROR(VLOOKUP(A4,hoja!A:D,3,FALSE),0) -> 60100 | E4: DF TOCANCIPA AIR LIQUIDE | F4: =IFERROR(VLOOKUP(E4,hoja!$A$2:$E$970,4,FALSE),0) -> CENTRO | G4: =IFERROR(VLOOKUP(E4,hoja!$A$2:$E$970,5,FALSE),0) -> SESQUILÉ | H4: =IFERROR(VLOOKUP(E4,hoja!A:C,3,FALSE),0) -> 50193 | I4: =D4&H4 -> 6010050193 | K4: 450 | L4: =IF(B4=F4,"REGIONAL","NACIONAL") -> NACIONAL | M4: Facatativa | N4: LES_ACTIVE | O4: =IF(K4<=250,25,IF(K4<=500,16,IF(K4<=800,12,IF(K4<=1100,8,IF(K4<=1400,6,IF(K4<=1700,5)))))) -> 16 | P4: =D4&H4&M4 -> 6010050193Facatativa
A5: AIR LIQUIDE SIBATE | B5: =IFERROR(VLOOKUP(A5,hoja!$A$2:$E$970,4,FALSE),0) -> CENTRO | C5: =IFERROR(VLOOKUP(A5,hoja!$A$2:$E$1370,5,FALSE),0) -> BOGOTÁ | D5: =IFERROR(VLOOKUP(A5,hoja!A:D,3,FALSE),0) -> 8101 | E5: AIR GAS | F5: =IFERROR(VLOOKUP(E5,hoja!$A$2:$E$970,4,FALSE),0) -> 0 | G5: =IFERROR(VLOOKUP(E5,hoja!$A$2:$E$970,5,FALSE),0) -> 0 | H5: =IFERROR(VLOOKUP(E5,hoja!A:C,3,FALSE),0) -> 0 | I5: =D5&H5 -> 81010 | J5: 20.450571 | K5: 435.77 | L5: =IF(B5=F5,"REGIONAL","NACIONAL") -> NACIONAL | M5: La vega | N5: LES_ACTIVE | O5: =IF(K5<=250,25,IF(K5<=500,16,IF(K5<=800,12,IF(K5<=1100,8,IF(K5<=1400,6,IF(K5<=1700,5)))))) -> 16 | P5: =D5&H5&M5 -> 81010La vega
A6: AIR LIQUIDE SIBATE | B6: =IFERROR(VLOOKUP(A6,hoja!$A$2:$E$970,4,FALSE),0) -> CENTRO | C6: =IFERROR(VLOOKUP(A6,hoja!$A$2:$E$1370,5,FALSE),0) -> BOGOTÁ | D6: =IFERROR(VLOOKUP(A6,hoja!A:D,3,FALSE),0) -> 8101 | E6: AIRGAS MEDELLIN | F6: =IFERROR(VLOOKUP(E6,hoja!$A$2:$E$970,4,FALSE),0) -> ANTIOQUIA | G6: =IFERROR(VLOOKUP(E6,hoja!$A$2:$E$970,5,FALSE),0) -> MEDELLÍN | H6: =IFERROR(VLOOKUP(E6,hoja!A:C,3,FALSE),0) -> 60100 | I6: =D6&H6 -> 810160100 | J6: 39 | K6: 435.766 | L6: =IF(B6=F6,"REGIONAL","NACIONAL") -> NACIONAL | M6: Principal | N6: {=IFERROR(IF(M6="Principal","LES_ACTIVE",LES_INACTIVE),0)} -> LES_ACTIVE | O6: =IF(K6<=250,25,IF(K6<=500,16,IF(K6<=800,12,IF(K6<=1100,8,IF(K6<=1400,6,IF(K6<=1700,5)))))) -> 16 | P6: =D6&H6&M6 -> 810160100Principal
A7: AIR LIQUIDE SIBATE | B7: =IFERROR(VLOOKUP(A7,hoja!$A$2:$E$970,4,FALSE),0) -> CENTRO | C7: =IFERROR(VLOOKUP(A7,hoja!$A$2:$E$1370,5,FALSE),0) -> BOGOTÁ | D7: =IFERROR(VLOOKUP(A7,hoja!A:D,3,FALSE),0) -> 8101 | E7: ALQUERIA | F7: =IFERROR(VLOOKUP(E7,hoja!$A$2:$E$970,4,FALSE),0) -> 0 | G7: =IFERROR(VLOOKUP(E7,hoja!$A$2:$E$970,5,FALSE),0) -> 0 | H7: =IFERROR(VLOOKUP(E7,hoja!A:C,3,FALSE),0) -> 0 | I7: =D7&H7 -> 81010 | K7: 16.5 | L7: =IF(B7=F7,"REGIONAL","NACIONAL") -> NACIONAL | M7: Principal | N7: {=IFERROR(IF(M7="Principal","LES_ACTIVE",LES_INACTIVE),0)} -> LES_ACTIVE | O7: =IF(K7<=250,25,IF(K7<=500,16,IF(K7<=800,12,IF(K7<=1100,8,IF(K7<=1400,6,IF(K7<=1700,5)))))) -> 25 | P7: =D7&H7&M7 -> 81010Principal
A8: AIR LIQUIDE SIBATE | B8: =IFERROR(VLOOKUP(A8,hoja!$A$2:$E$970,4,FALSE),0) -> CENTRO | C8: =IFERROR(VLOOKUP(A8,hoja!$A$2:$E$1370,5,FALSE),0) -> BOGOTÁ | D8: =IFERROR(VLOOKUP(A8,hoja!A:D,3,FALSE),0) -> 8101 | E8: CEDI SANTAFE DE ANTIOQUIA | F8: =IFERROR(VLOOKUP(E8,hoja!$A$2:$E$970,4,FALSE),0) -> ANTIOQUIA | G8: =IFERROR(VLOOKUP(E8,hoja!$A$2:$E$970,5,FALSE),0) -> SANTA FE DE ANTIOQUIA | H8: =IFERROR(VLOOKUP(E8,hoja!A:C,3,FALSE),0) -> 0080 | I8: =D8&H8 -> 81010080 | J8: 24.085714 | K8: 563 | L8: =IF(B8=F8,"REGIONAL","NACIONAL") -> NACIONAL | M8: Principal | N8: {=IFERROR(IF(M8="Principal","LES_ACTIVE",LES_INACTIVE),0)} -> LES_ACTIVE | O8: =IF(K8<=250,25,IF(K8<=500,16,IF(K8<=800,12,IF(K8<=1100,8,IF(K8<=1400,6,IF(K8<=1700,5)))))) -> 12 | P8: =D8&H8&M8 -> 81010080Principal
A9: AIR LIQUIDE SIBATE | B9: =IFERROR(VLOOKUP(A9,hoja!$A$2:$E$970,4,FALSE),0) -> CENTRO | C9: =IFERROR(VLOOKUP(A9,hoja!$A$2:$E$1370,5,FALSE),0) -> BOGOTÁ | D9: =IFERROR(VLOOKUP(A9,hoja!A:D,3,FALSE),0) -> 8101 | E9: CEDI ZIPAQUIRA | F9: =IFERROR(VLOOKUP(E9,hoja!$A$2:$E$970,4,FALSE),0) -> CENTRO | G9: =IFERROR(VLOOKUP(E9,hoja!$A$2:$E$970,5,FALSE),0) -> ZIPAQUIRÁ | H9: =IFERROR(VLOOKUP(E9,hoja!A:C,3,FALSE),0) -> 0032 | I9: =D9&H9 -> 81010032 | J9: 0.40571429 | K9: 14.2 | L9: =IF(B9=F9,"REGIONAL","NACIONAL") -> REGIONAL | M9: Principal | N9: {=IFERROR(IF(M9="Principal","LES_ACTIVE",LES_INACTIVE),0)} -> LES_ACTIVE | O9: =IF(K9<=250,25,IF(K9<=500,16,IF(K9<=800,12,IF(K9<=1100,8,IF(K9<=1400,6,IF(K9<=1700,5)))))) -> 25 | P9: =D9&H9&M9 -> 81010032Principal
A10: AIR LIQUIDE SIBATE | B10: =IFERROR(VLOOKUP(A10,hoja!$A$2:$E$970,4,FALSE),0) -> CENTRO | C10: =IFERROR(VLOOKUP(A10,hoja!$A$2:$E$1370,5,FALSE),0) -> BOGOTÁ | D10: =IFERROR(VLOOKUP(A10,hoja!A:D,3,FALSE),0) -> 8101 | E10: CENTRAL CERVECERA - SESQUILE | F10: =IFERROR(VLOOKUP(E10,hoja!$A$2:$E$970,4,FALSE),0) -> CENTRO | G10: =IFERROR(VLOOKUP(E10,hoja!$A$2:$E$970,5,FALSE),0) -> SESQUILÉ | H10: =IFERROR(VLOOKUP(E10,hoja!A:C,3,FALSE),0) -> 1501 | I10: =D10&H10 -> 81011501 | J10: 2 | K10: 82.9385 | L10: =IF(B10=F10,"REGIONAL","NACIONAL") -> REGIONAL | M10: Principal | N10: {=IFERROR(IF(M10="Principal","LES_ACTIVE",LES_INACTIVE),0)} -> LES_ACTIVE | O10: =IF(K10<=250,25,IF(K10<=500,16,IF(K10<=800,12,IF(K10<=1100,8,IF(K10<=1400,6,IF(K10<=1700,5)))))) -> 25 | P10: =D10&H10&M10 -> 81011501Principal
A11: AIR LIQUIDE SIBATE | B11: =IFERROR(VLOOKUP(A11,hoja!$A$2:$E$970,4,FALSE),0) -> CENTRO | C11: =IFERROR(VLOOKUP(A11,hoja!$A$2:$E$1370,5,FALSE),0) -> BOGOTÁ | D11: =IFERROR(VLOOKUP(A11,hoja!A:D,3,FALSE),0) -> 8101 | E11: ENKA DE COLOMBIA | F11: =IFERROR(VLOOKUP(E11,hoja!$A$2:$E$970,4,FALSE),0) -> ANTIOQUIA | G11: =IFERROR(VLOOKUP(E11,hoja!$A$2:$E$970,5,FALSE),0) -> MEDELLÍN | H11: =IFERROR(VLOOKUP(E11,hoja!A:C,3,FALSE),0) -> 3038 | I11: =D11&H11 -> 81013038 | J11: 20.684857 | K11: 463 | L11: =IF(B11=F11,"REGIONAL","NACIONAL") -> NACIONAL | M11: Principal | N11: LES_ACTIVE | O11: =IF(K11<=250,25,IF(K11<=500,16,IF(K11<=800,12,IF(K11<=1100,8,IF(K11<=1400,6,IF(K11<=1700,5)))))) -> 16 | P11: =D11&H11&M11 -> 81013038Principal
A12: AIR LIQUIDE SIBATE | B12: =IFERROR(VLOOKUP(A12,hoja!$A$2:$E$970,4,FALSE),0) -> CENTRO | C12: =IFERROR(VLOOKUP(A12,hoja!$A$2:$E$1370,5,FALSE),0) -> BOGOTÁ | D12: =IFERROR(VLOOKUP(A12,hoja!A:D,3,FALSE),0) -> 8101 | E12: ENKA DE COLOMBIA | F12: =IFERROR(VLOOKUP(E12,hoja!$A$2:$E$970,4,FALSE),0) -> ANTIOQUIA | G12: =IFERROR(VLOOKUP(E12,hoja!$A$2:$E$970,5,FALSE),0) -> MEDELLÍN | H12: =IFERROR(VLOOKUP(E12,hoja!A:C,3,FALSE),0) -> 3038 | I12: =D12&H12 -> 81013038 | J12: 20.684857 | K12: 443.97 | L12: =IF(B12=F12,"REGIONAL","NACIONAL") -> NACIONAL | M12: La vega | N12: LES_INACTIVE | O12: =IF(K12<=250,25,IF(K12<=500,16,IF(K12<=800,12,IF(K12<=1100,8,IF(K12<=1400,6,IF(K12<=1700,5)))))) -> 16 | P12: =D12&H12&M12 -> 81013038La vega
A13: AIR LIQUIDE SIBATE | B13: =IFERROR(VLOOKUP(A13,hoja!$A$2:$E$970,4,FALSE),0) -> CENTRO | C13: =IFERROR(VLOOKUP(A13,hoja!$A$2:$E$1370,5,FALSE),0) -> BOGOTÁ | D13: =IFERROR(VLOOKUP(A13,hoja!A:D,3,FALSE),0) -> 8101 | E13: ENKA DE COLOMBIA | F13: =IFERROR(VLOOKUP(E13,hoja!$A$2:$E$970,4,FALSE),0) -> ANTIOQUIA | G13: =IFERROR(VLOOKUP(E13,hoja!$A$2:$E$970,5,FALSE),0) -> MEDELLÍN | H13: =IFERROR(VLOOKUP(E13,hoja!A:C,3,FALSE),0) -> 3038 | I13: =D13&H13 -> 81013038 | J13: 20.684857 | K13: 448 | L13: =IF(B13=F13,"REGIONAL","NACIONAL") -> NACIONAL | M13: Chía | N13: LES_INACTIVE | O13: =IF(K13<=250,25,IF(K13<=500,16,IF(K13<=800,12,IF(K13<=1100,8,IF(K13<=1400,6,IF(K13<=1700,5)))))) -> 16 | P13: =D13&H13&M13 -> 81013038Chía
A14: AIR LIQUIDE SIBATE | B14: =IFERROR(VLOOKUP(A14,hoja!$A$2:$E$970,4,FALSE),0) -> CENTRO | C14: =IFERROR(VLOOKUP(A14,hoja!$A$2:$E$1370,5,FALSE),0) -> BOGOTÁ | D14: =IFERROR(VLOOKUP(A14,hoja!A:D,3,FALSE),0) -> 8101 | E14: GASCOL CENTRO | F14: =IFERROR(VLOOKUP(E14,hoja!$A$2:$E$970,4,FALSE),0) -> CENTRO | G14: =IFERROR(VLOOKUP(E14,hoja!$A$2:$E$970,5,FALSE),0) -> BOGOTÁ | H14: =IFERROR(VLOOKUP(E14,hoja!A:C,3,FALSE),0) -> 0002 | I14: =D14&H14 -> 81010002 | J14: 2.4833333 | K14: 63 | L14: =IF(B14=F14,"REGIONAL","NACIONAL") -> REGIONAL | M14: Principal | N14: {=IFERROR(IF(M14="Principal","LES_ACTIVE",LES_INACTIVE),0)} -> LES_ACTIVE | O14: =IF(K14<=250,25,IF(K14<=500,16,IF(K14<=800,12,IF(K14<=1100,8,IF(K14<=1400,6,IF(K14<=1700,5)))))) -> 25 | P14: =D14&H14&M14 -> 81010002Principal
A15: AIR LIQUIDE SIBATE | B15: =IFERROR(VLOOKUP(A15,hoja!$A$2:$E$970,4,FALSE),0) -> CENTRO | C15: =IFERROR(VLOOKUP(A15,hoja!$A$2:$E$1370,5,FALSE),0) -> BOGOTÁ | D15: =IFERROR(VLOOKUP(A15,hoja!A:D,3,FALSE),0) -> 8101 | E15: GASCOL SUR | F15: =IFERROR(VLOOKUP(E15,hoja!$A$2:$E$970,4,FALSE),0) -> CENTRO | G15: =IFERROR(VLOOKUP(E15,hoja!$A$2:$E$970,5,FALSE),0) -> BOGOTÁ | H15: =IFERROR(VLOOKUP(E15,hoja!A:C,3,FALSE),0) -> 0011 | I15: =D15&H15 -> 81010011 | J15: 6 | K15: 63 | L15: =IF(B15=F15,"REGIONAL","NACIONAL") -> REGIONAL | M15: Principal | N15: {=IFERROR(IF(M15="Principal","LES_ACTIVE",LES_INACTIVE),0)} -> LES_ACTIVE | O15: =IF(K15<=250,25,IF(K15<=500,16,IF(K15<=800,12,IF(K15<=1100,8,IF(K15<=1400,6,IF(K15<=1700,5)))))) -> 25 | P15: =D15&H15&M15 -> 81010011Principal
A16: AIR LIQUIDE SIBATE | B16: =IFERROR(VLOOKUP(A16,hoja!$A$2:$E$970,4,FALSE),0) -> CENTRO | C16: =IFERROR(VLOOKUP(A16,hoja!$A$2:$E$1370,5,FALSE),0) -> BOGOTÁ | D16: =IFERROR(VLOOKUP(A16,hoja!A:D,3,FALSE),0) -> 8101 | E16: GASEOSAS LUX BOGOTA | F16: =IFERROR(VLOOKUP(E16,hoja!$A$2:$E$970,4,FALSE),0) -> CENTRO | G16: =IFERROR(VLOOKUP(E16,hoja!$A$2:$E$970,5,FALSE),0) -> BOGOTÁ | H16: =IFERROR(VLOOKUP(E16,hoja!A:C,3,FALSE),0) -> 0021 | I16: =D16&H16 -> 81010021 | J16: 3.2 | K16: 112 | L16: =IF(B16=F16,"REGIONAL","NACIONAL") -> REGIONAL | M16: Principal | N16: {=IFERROR(IF(M16="Principal","LES_ACTIVE",LES_INACTIVE),0)} -> LES_ACTIVE | O16: =IF(K16<=250,25,IF(K16<=500,16,IF(K16<=800,12,IF(K16<=1100,8,IF(K16<=1400,6,IF(K16<=1700,5)))))) -> 25 | P16: =D16&H16&M16 -> 81010021Principal
A17: AIR LIQUIDE SIBATE | B17: =IFERROR(VLOOKUP(A17,hoja!$A$2:$E$970,4,FALSE),0) -> CENTRO | C17: =IFERROR(VLOOKUP(A17,hoja!$A$2:$E$1370,5,FALSE),0) -> BOGOTÁ | D17: =IFERROR(VLOOKUP(A17,hoja!A:D,3,FALSE),0) -> 8101 | E17: GASEOSAS LUX DUITAMA | F17: =IFERROR(VLOOKUP(E17,hoja!$A$2:$E$970,4,FALSE),0) -> CENTRO | G17: =IFERROR(VLOOKUP(E17,hoja!$A$2:$E$970,5,FALSE),0) -> DUITAMA | H17: =IFERROR(VLOOKUP(E17,hoja!A:C,3,FALSE),0) -> 0441 | I17: =D17&H17 -> 81010441 | J17: 11.153333 | K17: 237.6655 | L17: =IF(B17=F17,"REGIONAL","NACIONAL") -> REGIONAL | M17: Principal | N17: {=IFERROR(IF(M17="Principal","LES_ACTIVE",LES_INACTIVE),0)} -> LES_ACTIVE | O17: =IF(K17<=250,25,IF(K17<=500,16,IF(K17<=800,12,IF(K17<=1100,8,IF(K17<=1400,6,IF(K17<=1700,5)))))) -> 25 | P17: =D17&H17&M17 -> 81010441Principal
A18: AIR LIQUIDE SIBATE | B18: =IFERROR(VLOOKUP(A18,hoja!$A$2:$E$970,4,FALSE),0) -> CENTRO | C18: =IFERROR(VLOOKUP(A18,hoja!$A$2:$E$1370,5,FALSE),0) -> BOGOTÁ | D18: =IFERROR(VLOOKUP(A18,hoja!A:D,3,FALSE),0) -> 8101 | E18: GASEOSAS LUX PIEDECUESTA | F18: =IFERROR(VLOOKUP(E18,hoja!$A$2:$E$970,4,FALSE),0) -> SANTANDER | G18: =IFERROR(VLOOKUP(E18,hoja!$A$2:$E$970,5,FALSE),0) -> PIEDECUESTA | H18: =IFERROR(VLOOKUP(E18,hoja!A:C,3,FALSE),0) -> 0422 | I18: =D18&H18 -> 81010422 | J18: 23 | K18: 430.588 | L18: =IF(B18=F18,"REGIONAL","NACIONAL") -> NACIONAL | M18: Principal | N18: {=IFERROR(IF(M18="Principal","LES_ACTIVE",LES_INACTIVE),0)} -> LES_ACTIVE | O18: =IF(K18<=250,25,IF(K18<=500,16,IF(K18<=800,12,IF(K18<=1100,8,IF(K18<=1400,6,IF(K18<=1700,5)))))) -> 16 | P18: =D18&H18&M18 -> 81010422Principal
A19: AIR LIQUIDE SIBATE | B19: =IFERROR(VLOOKUP(A19,hoja!$A$2:$E$970,4,FALSE),0) -> CENTRO | C19: =IFERROR(VLOOKUP(A19,hoja!$A$2:$E$1370,5,FALSE),0) -> BOGOTÁ | D19: =IFERROR(VLOOKUP(A19,hoja!A:D,3,FALSE),0) -> 8101 | E19: GASEOSAS GLACIAL MARIQUITA | F19: =IFERROR(VLOOKUP(E19,hoja!$A$2:$E$970,4,FALSE),0) -> CENTRO | G19: =IFERROR(VLOOKUP(E19,hoja!$A$2:$E$970,5,FALSE),0) -> MARIQUITA | H19: =IFERROR(VLOOKUP(E19,hoja!A:C,3,FALSE),0) -> 50170 | I19: =D19&H19 -> 810150170 | K19: 292 | L19: =IF(B19=F19,"REGIONAL","NACIONAL") -> REGIONAL | M19: Facatativa | N19: LES_ACTIVE | O19: =IF(K19<=250,25,IF(K19<=500,16,IF(K19<=800,12,IF(K19<=1100,8,IF(K19<=1400,6,IF(K19<=1700,5)))))) -> 16 | P19: =D19&H19&M19 -> 810150170Facatativa
A20: AIR LIQUIDE SIBATE | B20: =IFERROR(VLOOKUP(A20,hoja!$A$2:$E$970,4,FALSE),0) -> CENTRO | C20: =IFERROR(VLOOKUP(A20,hoja!$A$2:$E$1370,5,FALSE),0) -> BOGOTÁ | D20: =IFERROR(VLOOKUP(A20,hoja!A:D,3,FALSE),0) -> 8101 | E20: METAL | F20: =IFERROR(VLOOKUP(E20,hoja!$A$2:$E$970,4,FALSE),0) -> CENTRO | G20: =IFERROR(VLOOKUP(E20,hoja!$A$2:$E$970,5,FALSE),0) -> BOGOTÁ | H20: =IFERROR(VLOOKUP(E20,hoja!A:C,3,FALSE),0) -> 10229 | I20: =D20&H20 -> 810110229 | J20: 1.1942857 | K20: 41.8 | L20: =IF(B20=F20,"REGIONAL","NACIONAL") -> REGIONAL | M20: Principal | N20: {=IFERROR(IF(M20="Principal","LES_ACTIVE",LES_INACTIVE),0)} -> LES_ACTIVE | O20: =IF(K20<=250,25,IF(K20<=500,16,IF(K20<=800,12,IF(K20<=1100,8,IF(K20<=1400,6,IF(K20<=1700,5)))))) -> 25 | P20: =D20&H20&M20 -> 810110229Principal
A21: AIR LIQUIDE SIBATE | B21: =IFERROR(VLOOKUP(A21,hoja!$A$2:$E$970,4,FALSE),0) -> CENTRO | C21: =IFERROR(VLOOKUP(A21,hoja!$A$2:$E$1370,5,FALSE),0) -> BOGOTÁ | D21: =IFERROR(VLOOKUP(A21,hoja!A:D,3,FALSE),0) -> 8101 | E21: NUTRIMENTI COPACABANA | F21: =IFERROR(VLOOKUP(E21,hoja!$A$2:$E$970,4,FALSE),0) -> ANTIOQUIA | G21: =IFERROR(VLOOKUP(E21,hoja!$A$2:$E$970,5,FALSE),0) -> MEDELLÍN | H21: =IFERROR(VLOOKUP(E21,hoja!A:C,3,FALSE),0) -> 50443 | I21: =D21&H21 -> 810150443 | J21: 20.342857 | K21: 432 | L21: =IF(B21=F21,"REGIONAL","NACIONAL") -> NACIONAL | M21: Principal | N21: {=IFERROR(IF(M21="Principal","LES_ACTIVE",LES_INACTIVE),0)} -> LES_ACTIVE | O21: =IF(K21<=250,25,IF(K21<=500,16,IF(K21<=800,12,IF(K21<=1100,8,IF(K21<=1400,6,IF(K21<=1700,5)))))) -> 16 | P21: =D21&H21&M21 -> 810150443Principal
A22: AIR LIQUIDE SIBATE | B22: =IFERROR(VLOOKUP(A22,hoja!$A$2:$E$970,4,FALSE),0) -> CENTRO | C22: =IFERROR(VLOOKUP(A22,hoja!$A$2:$E$1370,5,FALSE),0) -> BOGOTÁ | D22: =IFERROR(VLOOKUP(A22,hoja!A:D,3,FALSE),0) -> 8101 | E22: OXIGENO | F22: =IFERROR(VLOOKUP(E22,hoja!$A$2:$E$970,4,FALSE),0) -> ANTIOQUIA | G22: =IFERROR(VLOOKUP(E22,hoja!$A$2:$E$970,5,FALSE),0) -> MEDELLÍN | H22: =IFERROR(VLOOKUP(E22,hoja!A:C,3,FALSE),0) -> 10227 | I22: =D22&H22 -> 810110227 | J22: 20.450571 | K22: 435.77 | L22: =IF(B22=F22,"REGIONAL","NACIONAL") -> NACIONAL | M22: Principal | N22: {=IFERROR(IF(M22="Principal","LES_ACTIVE",LES_INACTIVE),0)} -> LES_ACTIVE | O22: =IF(K22<=250,25,IF(K22<=500,16,IF(K22<=800,12,IF(K22<=1100,8,IF(K22<=1400,6,IF(K22<=1700,5)))))) -> 16 | P22: =D22&H22&M22 -> 810110227Principal
A23: AIR LIQUIDE SIBATE | B23: =IFERROR(VLOOKUP(A23,hoja!$A$2:$E$970,4,FALSE),0) -> CENTRO | C23: =IFERROR(VLOOKUP(A23,hoja!$A$2:$E$1370,5,FALSE),0) -> BOGOTÁ | D23: =IFERROR(VLOOKUP(A23,hoja!A:D,3,FALSE),0) -> 8101 | E23: POSTOBON BELLO | F23: =IFERROR(VLOOKUP(E23,hoja!$A$2:$E$970,4,FALSE),0) -> ANTIOQUIA | G23: =IFERROR(VLOOKUP(E23,hoja!$A$2:$E$970,5,FALSE),0) -> MEDELLÍN | H23: =IFERROR(VLOOKUP(E23,hoja!A:C,3,FALSE),0) -> 0079 | I23: =D23&H23 -> 81010079 | J23: 23.35 | K23: 569.3575 | L23: =IF(B23=F23,"REGIONAL","NACIONAL") -> NACIONAL | M23: Principal | N23: {=IFERROR(IF(M23="Principal","LES_ACTIVE",LES_INACTIVE),0)} -> LES_ACTIVE | O23: =IF(K23<=250,25,IF(K23<=500,16,IF(K23<=800,12,IF(K23<=1100,8,IF(K23<=1400,6,IF(K23<=1700,5)))))) -> 12 | P23: =D23&H23&M23 -> 81010079Principal
A24: AIR LIQUIDE SIBATE | B24: =IFERROR(VLOOKUP(A24,hoja!$A$2:$E$970,4,FALSE),0) -> CENTRO | C24: =IFERROR(VLOOKUP(A24,hoja!$A$2:$E$1370,5,FALSE),0) -> BOGOTÁ | D24: =IFERROR(VLOOKUP(A24,hoja!A:D,3,FALSE),0) -> 8101 | E24: POSTOBON MALAMBO | F24: =IFERROR(VLOOKUP(E24,hoja!$A$2:$E$970,4,FALSE),0) -> COSTA | G24: =IFERROR(VLOOKUP(E24,hoja!$A$2:$E$970,5,FALSE),0) -> BARRANQUILLA | H24: =IFERROR(VLOOKUP(E24,hoja!A:C,3,FALSE),0) -> 0111 | I24: =D24&H24 -> 81010111 | J24: =+K24/16.8 -> 56.190476 | K24: 944 | L24: =IF(B24=F24,"REGIONAL","NACIONAL") -> NACIONAL | M24: Piedecuesta | N24: LES_INACTIVE | O24: =IF(K24<=250,25,IF(K24<=500,16,IF(K24<=800,12,IF(K24<=1100,8,IF(K24<=1400,6,IF(K24<=1700,5)))))) -> 8 | P24: =D24&H24&M24 -> 81010111Piedecuesta
A25: AIR LIQUIDE SIBATE | B25: =IFERROR(VLOOKUP(A25,hoja!$A$2:$E$970,4,FALSE),0) -> CENTRO | C25: =IFERROR(VLOOKUP(A25,hoja!$A$2:$E$1370,5,FALSE),0) -> BOGOTÁ | D25: =IFERROR(VLOOKUP(A25,hoja!A:D,3,FALSE),0) -> 8101 | E25: POSTOBON MALAMBO | F25: =IFERROR(VLOOKUP(E25,hoja!$A$2:$E$970,4,FALSE),0) -> COSTA | G25: =IFERROR(VLOOKUP(E25,hoja!$A$2:$E$970,5,FALSE),0) -> BARRANQUILLA | H25: =IFERROR(VLOOKUP(E25,hoja!A:C,3,FALSE),0) -> 0111 | I25: =D25&H25 -> 81010111 | J25: =+K25/16.8 -> 62.202381 | K25: 1045 | L25: =IF(B25=F25,"REGIONAL","NACIONAL") -> NACIONAL | M25: La vega | N25: LES_INACTIVE | O25: =IF(K25<=250,25,IF(K25<=500,16,IF(K25<=800,12,IF(K25<=1100,8,IF(K25<=1400,6,IF(K25<=1700,5)))))) -> 8 | P25: =D25&H25&M25 -> 81010111La vega
A26: AIR LIQUIDE SIBATE | B26: =IFERROR(VLOOKUP(A26,hoja!$A$2:$E$970,4,FALSE),0) -> CENTRO | C26: =IFERROR(VLOOKUP(A26,hoja!$A$2:$E$1370,5,FALSE),0) -> BOGOTÁ | D26: =IFERROR(VLOOKUP(A26,hoja!A:D,3,FALSE),0) -> 8101 | E26: POSTOBON MALAMBO | F26: =IFERROR(VLOOKUP(E26,hoja!$A$2:$E$970,4,FALSE),0) -> COSTA | G26: =IFERROR(VLOOKUP(E26,hoja!$A$2:$E$970,5,FALSE),0) -> BARRANQUILLA | H26: =IFERROR(VLOOKUP(E26,hoja!A:C,3,FALSE),0) -> 0111 | I26: =D26&H26 -> 81010111 | J26: =+K26/16.8 -> 65.4825 | K26: 1100.106 | L26: =IF(B26=F26,"REGIONAL","NACIONAL") -> NACIONAL | M26: Principal | N26: {=IFERROR(IF(M26="Principal","LES_ACTIVE",LES_INACTIVE),0)} -> LES_ACTIVE | O26: =IF(K26<=250,25,IF(K26<=500,16,IF(K26<=800,12,IF(K26<=1100,8,IF(K26<=1400,6,IF(K26<=1700,5)))))) -> 6 | P26: =D26&H26&M26 -> 81010111Principal
A27: AIR LIQUIDE SIBATE | B27: =IFERROR(VLOOKUP(A27,hoja!$A$2:$E$970,4,FALSE),0) -> CENTRO | C27: =IFERROR(VLOOKUP(A27,hoja!$A$2:$E$1370,5,FALSE),0) -> BOGOTÁ | D27: =IFERROR(VLOOKUP(A27,hoja!A:D,3,FALSE),0) -> 8101 | E27: POSTOBON PEREIRA | F27: =IFERROR(VLOOKUP(E27,hoja!$A$2:$E$970,4,FALSE),0) -> OCCIDENTE | G27: =IFERROR(VLOOKUP(E27,hoja!$A$2:$E$970,5,FALSE),0) -> PEREIRA | H27: =IFERROR(VLOOKUP(E27,hoja!A:C,3,FALSE),0) -> 0198 | I27: =D27&H27 -> 81010198 | J27: 20.450571 | K27: 355 | L27: =IF(B27=F27,"REGIONAL","NACIONAL") -> NACIONAL | M27: Principal | N27: {=IFERROR(IF(M27="Principal","LES_ACTIVE",LES_INACTIVE),0)} -> LES_ACTIVE | O27: =IF(K27<=250,25,IF(K27<=500,16,IF(K27<=800,12,IF(K27<=1100,8,IF(K27<=1400,6,IF(K27<=1700,5)))))) -> 16 | P27: =D27&H27&M27 -> 81010198Principal
A28: AIR LIQUIDE SIBATE | B28: =IFERROR(VLOOKUP(A28,hoja!$A$2:$E$970,4,FALSE),0) -> CENTRO | C28: =IFERROR(VLOOKUP(A28,hoja!$A$2:$E$1370,5,FALSE),0) -> BOGOTÁ | D28: =IFERROR(VLOOKUP(A28,hoja!A:D,3,FALSE),0) -> 8101 | E28: POSTOBON YUMBO | F28: =IFERROR(VLOOKUP(E28,hoja!$A$2:$E$970,4,FALSE),0) -> OCCIDENTE | G28: =IFERROR(VLOOKUP(E28,hoja!$A$2:$E$970,5,FALSE),0) -> CALI | H28: =IFERROR(VLOOKUP(E28,hoja!A:C,3,FALSE),0) -> 0410 | I28: =D28&H28 -> 81010410 | J28: 24 | K28: 485.77 | L28: =IF(B28=F28,"REGIONAL","NACIONAL") -> NACIONAL | M28: Principal | N28: {=IFERROR(IF(M28="Principal","LES_ACTIVE",LES_INACTIVE),0)} -> LES_ACTIVE | O28: =IF(K28<=250,25,IF(K28<=500,16,IF(K28<=800,12,IF(K28<=1100,8,IF(K28<=1400,6,IF(K28<=1700,5)))))) -> 16 | P28: =D28&H28&M28 -> 81010410Principal
A29: AIR LIQUIDE SIBATE | B29: =IFERROR(VLOOKUP(A29,hoja!$A$2:$E$970,4,FALSE),0) -> CENTRO | C29: =IFERROR(VLOOKUP(A29,hoja!$A$2:$E$1370,5,FALSE),0) -> BOGOTÁ | D29: =IFERROR(VLOOKUP(A29,hoja!A:D,3,FALSE),0) -> 8101 | E29: RECREO | F29: =IFERROR(VLOOKUP(E29,hoja!$A$2:$E$970,4,FALSE),0) -> CENTRO | G29: =IFERROR(VLOOKUP(E29,hoja!$A$2:$E$970,5,FALSE),0) -> ZIPAQUIRÁ | H29: =IFERROR(VLOOKUP(E29,hoja!A:C,3,FALSE),0) -> 3039 | I29: =D29&H29 -> 81013039 | J29: 0.40857143 | K29: 14.3 | L29: =IF(B29=F29,"REGIONAL","NACIONAL") -> REGIONAL | M29: Principal | N29: {=IFERROR(IF(M29="Principal","LES_ACTIVE",LES_INACTIVE),0)} -> LES_ACTIVE | O29: =IF(K29<=250,25,IF(K29<=500,16,IF(K29<=800,12,IF(K29<=1100,8,IF(K29<=1400,6,IF(K29<=1700,5)))))) -> 25 | P29: =D29&H29&M29 -> 81013039Principal
A30: AIR LIQUIDE SIBATE | B30: =IFERROR(VLOOKUP(A30,hoja!$A$2:$E$970,4,FALSE),0) -> CENTRO | C30: =IFERROR(VLOOKUP(A30,hoja!$A$2:$E$1370,5,FALSE),0) -> BOGOTÁ | D30: =IFERROR(VLOOKUP(A30,hoja!A:D,3,FALSE),0) -> 8101 | E30: TOCANCIPÁ | F30: =IFERROR(VLOOKUP(E30,hoja!$A$2:$E$970,4,FALSE),0) -> CENTRO | G30: =IFERROR(VLOOKUP(E30,hoja!$A$2:$E$970,5,FALSE),0) -> TOCANCIPÁ | H30: =IFERROR(VLOOKUP(E30,hoja!A:C,3,FALSE),0) -> 2058 | I30: =D30&H30 -> 81012058 | K30: 13.8 | L30: =IF(B30=F30,"REGIONAL","NACIONAL") -> REGIONAL | M30: Principal | N30: {=IFERROR(IF(M30="Principal","LES_ACTIVE",LES_INACTIVE),0)} -> LES_ACTIVE | O30: =IF(K30<=250,25,IF(K30<=500,16,IF(K30<=800,12,IF(K30<=1100,8,IF(K30<=1400,6,IF(K30<=1700,5)))))) -> 25 | P30: =D30&H30&M30 -> 81012058Principal
A31: AIR LIQUIDE SIBATE | B31: =IFERROR(VLOOKUP(A31,hoja!$A$2:$E$970,4,FALSE),0) -> CENTRO | C31: =IFERROR(VLOOKUP(A31,hoja!$A$2:$E$1370,5,FALSE),0) -> BOGOTÁ | D31: =IFERROR(VLOOKUP(A31,hoja!A:D,3,FALSE),0) -> 8101 | E31: VEOLIA | F31: =IFERROR(VLOOKUP(E31,hoja!$A$2:$E$970,4,FALSE),0) -> CENTRO | G31: =IFERROR(VLOOKUP(E31,hoja!$A$2:$E$970,5,FALSE),0) -> BOGOTÁ | H31: =IFERROR(VLOOKUP(E31,hoja!A:C,3,FALSE),0) -> 10228 | I31: =D31&H31 -> 810110228 | J31: 1.1942857 | K31: 41.8 | L31: =IF(B31=F31,"REGIONAL","NACIONAL") -> REGIONAL | M31: Principal | N31: {=IFERROR(IF(M31="Principal","LES_ACTIVE",LES_INACTIVE),0)} -> LES_ACTIVE | O31: =IF(K31<=250,25,IF(K31<=500,16,IF(K31<=800,12,IF(K31<=1100,8,IF(K31<=1400,6,IF(K31<=1700,5)))))) -> 25 | P31: =D31&H31&M31 -> 810110228Principal
A32: AMAGA | B32: =IFERROR(VLOOKUP(A32,hoja!$A$2:$E$970,4,FALSE),0) -> ANTIOQUIA | C32: =IFERROR(VLOOKUP(A32,hoja!$A$2:$E$1370,5,FALSE),0) -> MEDELLÍN | D32: =IFERROR(VLOOKUP(A32,hoja!A:D,3,FALSE),0) -> 60127 | E32: CALOTO-NGB | F32: =IFERROR(VLOOKUP(E32,hoja!$A$2:$E$970,4,FALSE),0) -> OCCIDENTE | G32: =IFERROR(VLOOKUP(E32,hoja!$A$2:$E$970,5,FALSE),0) -> CALOTO | H32: =IFERROR(VLOOKUP(E32,hoja!A:C,3,FALSE),0) -> 0445 | I32: =D32&H32 -> 601270445 | J32: 21.142857 | K32: 444 | L32: =IF(B32=F32,"REGIONAL","NACIONAL") -> NACIONAL | M32: Principal | N32: {=IFERROR(IF(M32="Principal","LES_ACTIVE",LES_INACTIVE),0)} -> LES_ACTIVE | O32: =IF(K32<=250,25,IF(K32<=500,16,IF(K32<=800,12,IF(K32<=1100,8,IF(K32<=1400,6,IF(K32<=1700,5)))))) -> 16 | P32: =D32&H32&M32 -> 601270445Principal
A33: AMAGA | B33: =IFERROR(VLOOKUP(A33,hoja!$A$2:$E$970,4,FALSE),0) -> ANTIOQUIA | C33: =IFERROR(VLOOKUP(A33,hoja!$A$2:$E$1370,5,FALSE),0) -> MEDELLÍN | D33: =IFERROR(VLOOKUP(A33,hoja!A:D,3,FALSE),0) -> 60127 | E33: INGENIO RISARALDA | F33: =IFERROR(VLOOKUP(E33,hoja!$A$2:$E$970,4,FALSE),0) -> OCCIDENTE | G33: =IFERROR(VLOOKUP(E33,hoja!$A$2:$E$970,5,FALSE),0) -> LA VIRGINIA | H33: =IFERROR(VLOOKUP(E33,hoja!A:C,3,FALSE),0) -> 60057 | I33: =D33&H33 -> 6012760057 | J33: 5.6 | K33: 196 | L33: =IF(B33=F33,"REGIONAL","NACIONAL") -> NACIONAL | M33: Principal | N33: {=IFERROR(IF(M33="Principal","LES_ACTIVE",LES_INACTIVE),0)} -> LES_ACTIVE | O33: =IF(K33<=250,25,IF(K33<=500,16,IF(K33<=800,12,IF(K33<=1100,8,IF(K33<=1400,6,IF(K33<=1700,5)))))) -> 25 | P33: =D33&H33&M33 -> 6012760057Principal
A34: AMCOR | B34: =IFERROR(VLOOKUP(A34,hoja!$A$2:$E$970,4,FALSE),0) -> OCCIDENTE | C34: =IFERROR(VLOOKUP(A34,hoja!$A$2:$E$1370,5,FALSE),0) -> CALI | D34: =IFERROR(VLOOKUP(A34,hoja!A:D,3,FALSE),0) -> 60109 | E34: CALI | F34: =IFERROR(VLOOKUP(E34,hoja!$A$2:$E$970,4,FALSE),0) -> OCCIDENTE | G34: =IFERROR(VLOOKUP(E34,hoja!$A$2:$E$970,5,FALSE),0) -> CALI | H34: =IFERROR(VLOOKUP(E34,hoja!A:C,3,FALSE),0) -> 3024 | I34: =D34&H34 -> 601093024 | K34: 8.1 | L34: =IF(B34=F34,"REGIONAL","NACIONAL") -> REGIONAL | M34: Principal | N34: {=IFERROR(IF(M34="Principal","LES_ACTIVE",LES_INACTIVE),0)} -> LES_ACTIVE | O34: =IF(K34<=250,25,IF(K34<=500,16,IF(K34<=800,12,IF(K34<=1100,8,IF(K34<=1400,6,IF(K34<=1700,5)))))) -> 25 | P34: =D34&H34&M34 -> 601093024Principal
A35: AMCOR | B35: =IFERROR(VLOOKUP(A35,hoja!$A$2:$E$970,4,FALSE),0) -> OCCIDENTE | C35: =IFERROR(VLOOKUP(A35,hoja!$A$2:$E$1370,5,FALSE),0) -> CALI | D35: =IFERROR(VLOOKUP(A35,hoja!A:D,3,FALSE),0) -> 60109 | E35: CALOTO-NGB | F35: =IFERROR(VLOOKUP(E35,hoja!$A$2:$E$970,4,FALSE),0) -> OCCIDENTE | G35: =IFERROR(VLOOKUP(E35,hoja!$A$2:$E$970,5,FALSE),0) -> CALOTO | H35: =IFERROR(VLOOKUP(E35,hoja!A:C,3,FALSE),0) -> 0445 | I35: =D35&H35 -> 601090445 | K35: 87.1 | L35: =IF(B35=F35,"REGIONAL","NACIONAL") -> REGIONAL | M35: Principal | N35: {=IFERROR(IF(M35="Principal","LES_ACTIVE",LES_INACTIVE),0)} -> LES_ACTIVE | O35: =IF(K35<=250,25,IF(K35<=500,16,IF(K35<=800,12,IF(K35<=1100,8,IF(K35<=1400,6,IF(K35<=1700,5)))))) -> 25 | P35: =D35&H35&M35 -> 601090445Principal
A36: AMCOR | B36: =IFERROR(VLOOKUP(A36,hoja!$A$2:$E$970,4,FALSE),0) -> OCCIDENTE | C36: =IFERROR(VLOOKUP(A36,hoja!$A$2:$E$1370,5,FALSE),0) -> CALI | D36: =IFERROR(VLOOKUP(A36,hoja!A:D,3,FALSE),0) -> 60109 | E36: PLANTA IBERPLAST | F36: =IFERROR(VLOOKUP(E36,hoja!$A$2:$E$970,4,FALSE),0) -> CENTRO | G36: =IFERROR(VLOOKUP(E36,hoja!$A$2:$E$970,5,FALSE),0) -> MADRID | H36: =IFERROR(VLOOKUP(E36,hoja!A:C,3,FALSE),0) -> 2023 | I36: =D36&H36 -> 601092023 | K36: 440 | L36: =IF(B36=F36,"REGIONAL","NACIONAL") -> NACIONAL | M36: Principal | N36: {=IFERROR(IF(M36="Principal","LES_ACTIVE",LES_INACTIVE),0)} -> LES_ACTIVE | O36: =IF(K36<=250,25,IF(K36<=500,16,IF(K36<=800,12,IF(K36<=1100,8,IF(K36<=1400,6,IF(K36<=1700,5)))))) -> 16 | P36: =D36&H36&M36 -> 601092023Principal
A37: AMCOR | B37: =IFERROR(VLOOKUP(A37,hoja!$A$2:$E$970,4,FALSE),0) -> OCCIDENTE | C37: =IFERROR(VLOOKUP(A37,hoja!$A$2:$E$1370,5,FALSE),0) -> CALI | D37: =IFERROR(VLOOKUP(A37,hoja!A:D,3,FALSE),0) -> 60109 | E37: POSTOBON BELLO | F37: =IFERROR(VLOOKUP(E37,hoja!$A$2:$E$970,4,FALSE),0) -> ANTIOQUIA | G37: =IFERROR(VLOOKUP(E37,hoja!$A$2:$E$970,5,FALSE),0) -> MEDELLÍN | H37: =IFERROR(VLOOKUP(E37,hoja!A:C,3,FALSE),0) -> 0079 | I37: =D37&H37 -> 601090079 | K37: 412 | L37: =IF(B37=F37,"REGIONAL","NACIONAL") -> NACIONAL | M37: Principal | N37: {=IFERROR(IF(M37="Principal","LES_ACTIVE",LES_INACTIVE),0)} -> LES_ACTIVE | O37: =IF(K37<=250,25,IF(K37<=500,16,IF(K37<=800,12,IF(K37<=1100,8,IF(K37<=1400,6,IF(K37<=1700,5)))))) -> 16 | P37: =D37&H37&M37 -> 601090079Principal
A38: AMCOR | B38: =IFERROR(VLOOKUP(A38,hoja!$A$2:$E$970,4,FALSE),0) -> OCCIDENTE | C38: =IFERROR(VLOOKUP(A38,hoja!$A$2:$E$1370,5,FALSE),0) -> CALI | D38: =IFERROR(VLOOKUP(A38,hoja!A:D,3,FALSE),0) -> 60109 | E38: POSTOBON MALAMBO | F38: =IFERROR(VLOOKUP(E38,hoja!$A$2:$E$970,4,FALSE),0) -> COSTA | G38: =IFERROR(VLOOKUP(E38,hoja!$A$2:$E$970,5,FALSE),0) -> BARRANQUILLA | H38: =IFERROR(VLOOKUP(E38,hoja!A:C,3,FALSE),0) -> 0111 | I38: =D38&H38 -> 601090111 | K38: 1086 | L38: =IF(B38=F38,"REGIONAL","NACIONAL") -> NACIONAL | M38: Principal | N38: {=IFERROR(IF(M38="Principal","LES_ACTIVE",LES_INACTIVE),0)} -> LES_ACTIVE | O38: =IF(K38<=250,25,IF(K38<=500,16,IF(K38<=800,12,IF(K38<=1100,8,IF(K38<=1400,6,IF(K38<=1700,5)))))) -> 8 | P38: =D38&H38&M38 -> 601090111Principal
A39: AMCOR | B39: =IFERROR(VLOOKUP(A39,hoja!$A$2:$E$970,4,FALSE),0) -> OCCIDENTE | C39: =IFERROR(VLOOKUP(A39,hoja!$A$2:$E$1370,5,FALSE),0) -> CALI | D39: =IFERROR(VLOOKUP(A39,hoja!A:D,3,FALSE),0) -> 60109 | E39: POSTOBON PEREIRA | F39: =IFERROR(VLOOKUP(E39,hoja!$A$2:$E$970,4,FALSE),0) -> OCCIDENTE | G39: =IFERROR(VLOOKUP(E39,hoja!$A$2:$E$970,5,FALSE),0) -> PEREIRA | H39: =IFERROR(VLOOKUP(E39,hoja!A:C,3,FALSE),0) -> 0198 | I39: =D39&H39 -> 601090198 | K39: 203 | L39: =IF(B39=F39,"REGIONAL","NACIONAL") -> REGIONAL | M39: Principal | N39: {=IFERROR(IF(M39="Principal","LES_ACTIVE",LES_INACTIVE),0)} -> LES_ACTIVE | O39: =IF(K39<=250,25,IF(K39<=500,16,IF(K39<=800,12,IF(K39<=1100,8,IF(K39<=1400,6,IF(K39<=1700,5)))))) -> 25 | P39: =D39&H39&M39 -> 601090198Principal
A40: AMCOR | B40: =IFERROR(VLOOKUP(A40,hoja!$A$2:$E$970,4,FALSE),0) -> OCCIDENTE | C40: =IFERROR(VLOOKUP(A40,hoja!$A$2:$E$1370,5,FALSE),0) -> CALI | D40: =IFERROR(VLOOKUP(A40,hoja!A:D,3,FALSE),0) -> 60109 | E40: POSTOBON YUMBO | F40: =IFERROR(VLOOKUP(E40,hoja!$A$2:$E$970,4,FALSE),0) -> OCCIDENTE | G40: =IFERROR(VLOOKUP(E40,hoja!$A$2:$E$970,5,FALSE),0) -> CALI | H40: =IFERROR(VLOOKUP(E40,hoja!A:C,3,FALSE),0) -> 0410 | I40: =D40&H40 -> 601090410 | K40: 4.5 | L40: =IF(B40=F40,"REGIONAL","NACIONAL") -> REGIONAL | M40: Principal | N40: {=IFERROR(IF(M40="Principal","LES_ACTIVE",LES_INACTIVE),0)} -> LES_ACTIVE | O40: =IF(K40<=250,25,IF(K40<=500,16,IF(K40<=800,12,IF(K40<=1100,8,IF(K40<=1400,6,IF(K40<=1700,5)))))) -> 25 | P40: =D40&H40&M40 -> 601090410Principal
A41: APARTADÓ | B41: =IFERROR(VLOOKUP(A41,hoja!$A$2:$E$970,4,FALSE),0) -> ANTIOQUIA | C41: =IFERROR(VLOOKUP(A41,hoja!$A$2:$E$1370,5,FALSE),0) -> CHIGORODÓ | D41: =IFERROR(VLOOKUP(A41,hoja!A:D,3,FALSE),0) -> 60005 | E41: CEDI ITAGUI | F41: =IFERROR(VLOOKUP(E41,hoja!$A$2:$E$970,4,FALSE),0) -> ANTIOQUIA | G41: =IFERROR(VLOOKUP(E41,hoja!$A$2:$E$970,5,FALSE),0) -> MEDELLÍN | H41: =IFERROR(VLOOKUP(E41,hoja!A:C,3,FALSE),0) -> 0292 | I41: =D41&H41 -> 600050292 | K41: 322 | L41: =IF(B41=F41,"REGIONAL","NACIONAL") -> REGIONAL | M41: Principal | N41: {=IFERROR(IF(M41="Principal","LES_ACTIVE",LES_INACTIVE),0)} -> LES_ACTIVE | O41: =IF(K41<=250,25,IF(K41<=500,16,IF(K41<=800,12,IF(K41<=1100,8,IF(K41<=1400,6,IF(K41<=1700,5)))))) -> 16 | P41: =D41&H41&M41 -> 600050292Principal
A42: APARTADÓ | B42: =IFERROR(VLOOKUP(A42,hoja!$A$2:$E$970,4,FALSE),0) -> ANTIOQUIA | C42: =IFERROR(VLOOKUP(A42,hoja!$A$2:$E$1370,5,FALSE),0) -> CHIGORODÓ | D42: =IFERROR(VLOOKUP(A42,hoja!A:D,3,FALSE),0) -> 60005 | E42: NUTRIMENTI COPACABANA | F42: =IFERROR(VLOOKUP(E42,hoja!$A$2:$E$970,4,FALSE),0) -> ANTIOQUIA | G42: =IFERROR(VLOOKUP(E42,hoja!$A$2:$E$970,5,FALSE),0) -> MEDELLÍN | H42: =IFERROR(VLOOKUP(E42,hoja!A:C,3,FALSE),0) -> 50443 | I42: =D42&H42 -> 6000550443 | K42: 324 | L42: =IF(B42=F42,"REGIONAL","NACIONAL") -> REGIONAL | M42: Principal | N42: {=IFERROR(IF(M42="Principal","LES_ACTIVE",LES_INACTIVE),0)} -> LES_ACTIVE | O42: =IF(K42<=250,25,IF(K42<=500,16,IF(K42<=800,12,IF(K42<=1100,8,IF(K42<=1400,6,IF(K42<=1700,5)))))) -> 16 | P42: =D42&H42&M42 -> 6000550443Principal
A43: ARAUCA | B43: =IFERROR(VLOOKUP(A43,hoja!$A$2:$E$970,4,FALSE),0) -> SANTANDER | C43: =IFERROR(VLOOKUP(A43,hoja!$A$2:$E$1370,5,FALSE),0) -> ARAUCA | D43: =IFERROR(VLOOKUP(A43,hoja!A:D,3,FALSE),0) -> 60006 | E43: ITAGUI | F43: =IFERROR(VLOOKUP(E43,hoja!$A$2:$E$970,4,FALSE),0) -> ANTIOQUIA | G43: =IFERROR(VLOOKUP(E43,hoja!$A$2:$E$970,5,FALSE),0) -> MEDELLÍN | H43: =IFERROR(VLOOKUP(E43,hoja!A:C,3,FALSE),0) -> 60022 | I43: =D43&H43 -> 6000660022 | K43: 818 | L43: =IF(B43=F43,"REGIONAL","NACIONAL") -> NACIONAL | M43: Principal | N43: {=IFERROR(IF(M43="Principal","LES_ACTIVE",LES_INACTIVE),0)} -> LES_ACTIVE | O43: =IF(K43<=250,25,IF(K43<=500,16,IF(K43<=800,12,IF(K43<=1100,8,IF(K43<=1400,6,IF(K43<=1700,5)))))) -> 8 | P43: =D43&H43&M43 -> 6000660022Principal
A44: ARAUCA | B44: =IFERROR(VLOOKUP(A44,hoja!$A$2:$E$970,4,FALSE),0) -> SANTANDER | C44: =IFERROR(VLOOKUP(A44,hoja!$A$2:$E$1370,5,FALSE),0) -> ARAUCA | D44: =IFERROR(VLOOKUP(A44,hoja!A:D,3,FALSE),0) -> 60006 | E44: NUTRIMENTI COPACABANA | F44: =IFERROR(VLOOKUP(E44,hoja!$A$2:$E$970,4,FALSE),0) -> ANTIOQUIA | G44: =IFERROR(VLOOKUP(E44,hoja!$A$2:$E$970,5,FALSE),0) -> MEDELLÍN | H44: =IFERROR(VLOOKUP(E44,hoja!A:C,3,FALSE),0) -> 50443 | I44: =D44&H44 -> 6000650443 | K44: 790 | L44: =IF(B44=F44,"REGIONAL","NACIONAL") -> NACIONAL | M44: Principal | N44: {=IFERROR(IF(M44="Principal","LES_ACTIVE",LES_INACTIVE),0)} -> LES_ACTIVE | O44: =IF(K44<=250,25,IF(K44<=500,16,IF(K44<=800,12,IF(K44<=1100,8,IF(K44<=1400,6,IF(K44<=1700,5)))))) -> 12 | P44: =D44&H44&M44 -> 6000650443Principal
A45: ARTESANOS MEDELLÍN | B45: =IFERROR(VLOOKUP(A45,hoja!$A$2:$E$970,4,FALSE),0) -> ANTIOQUIA | C45: =IFERROR(VLOOKUP(A45,hoja!$A$2:$E$1370,5,FALSE),0) -> MEDELLÍN | D45: =IFERROR(VLOOKUP(A45,hoja!A:D,3,FALSE),0) -> 3051 | E45: CEDI ARMENIA | F45: =IFERROR(VLOOKUP(E45,hoja!$A$2:$E$970,4,FALSE),0) -> OCCIDENTE | G45: =IFERROR(VLOOKUP(E45,hoja!$A$2:$E$970,5,FALSE),0) -> ARMENIA | H45: =IFERROR(VLOOKUP(E45,hoja!A:C,3,FALSE),0) -> 0142 | I45: =D45&H45 -> 30510142 | K45: 254 | L45: =IF(B45=F45,"REGIONAL","NACIONAL") -> NACIONAL | M45: Principal | N45: {=IFERROR(IF(M45="Principal","LES_ACTIVE",LES_INACTIVE),0)} -> LES_ACTIVE | O45: =IF(K45<=250,25,IF(K45<=500,16,IF(K45<=800,12,IF(K45<=1100,8,IF(K45<=1400,6,IF(K45<=1700,5)))))) -> 16 | P45: =D45&H45&M45 -> 30510142Principal
A46: ARTESANOS MEDELLÍN | B46: =IFERROR(VLOOKUP(A46,hoja!$A$2:$E$970,4,FALSE),0) -> ANTIOQUIA | C46: =IFERROR(VLOOKUP(A46,hoja!$A$2:$E$1370,5,FALSE),0) -> MEDELLÍN | D46: =IFERROR(VLOOKUP(A46,hoja!A:D,3,FALSE),0) -> 3051 | E46: CEDI CALLE 80 | F46: =IFERROR(VLOOKUP(E46,hoja!$A$2:$E$970,4,FALSE),0) -> CENTRO | G46: =IFERROR(VLOOKUP(E46,hoja!$A$2:$E$970,5,FALSE),0) -> BOGOTÁ | H46: =IFERROR(VLOOKUP(E46,hoja!A:C,3,FALSE),0) -> 0035 | I46: =D46&H46 -> 30510035 | K46: 411 | L46: =IF(B46=F46,"REGIONAL","NACIONAL") -> NACIONAL | M46: Facatativa | N46: LES_ACTIVE | O46: =IF(K46<=250,25,IF(K46<=500,16,IF(K46<=800,12,IF(K46<=1100,8,IF(K46<=1400,6,IF(K46<=1700,5)))))) -> 16 | P46: =D46&H46&M46 -> 30510035Facatativa
A47: ARTESANOS MEDELLÍN | B47: =IFERROR(VLOOKUP(A47,hoja!$A$2:$E$970,4,FALSE),0) -> ANTIOQUIA | C47: =IFERROR(VLOOKUP(A47,hoja!$A$2:$E$1370,5,FALSE),0) -> MEDELLÍN | D47: =IFERROR(VLOOKUP(A47,hoja!A:D,3,FALSE),0) -> 3051 | E47: CEDI CARTAGENA | F47: =IFERROR(VLOOKUP(E47,hoja!$A$2:$E$970,4,FALSE),0) -> COSTA | G47: =IFERROR(VLOOKUP(E47,hoja!$A$2:$E$970,5,FALSE),0) -> CARTAGENA | H47: =IFERROR(VLOOKUP(E47,hoja!A:C,3,FALSE),0) -> 0113 | I47: =D47&H47 -> 30510113 | K47: 672 | L47: =IF(B47=F47,"REGIONAL","NACIONAL") -> NACIONAL | M47: Principal | N47: {=IFERROR(IF(M47="Principal","LES_ACTIVE",LES_INACTIVE),0)} -> LES_ACTIVE | O47: =IF(K47<=250,25,IF(K47<=500,16,IF(K47<=800,12,IF(K47<=1100,8,IF(K47<=1400,6,IF(K47<=1700,5)))))) -> 12 | P47: =D47&H47&M47 -> 30510113Principal
A48: ARTESANOS MEDELLÍN | B48: =IFERROR(VLOOKUP(A48,hoja!$A$2:$E$970,4,FALSE),0) -> ANTIOQUIA | C48: =IFERROR(VLOOKUP(A48,hoja!$A$2:$E$1370,5,FALSE),0) -> MEDELLÍN | D48: =IFERROR(VLOOKUP(A48,hoja!A:D,3,FALSE),0) -> 3051 | E48: CEDI CARTAGENA | F48: =IFERROR(VLOOKUP(E48,hoja!$A$2:$E$970,4,FALSE),0) -> COSTA | G48: =IFERROR(VLOOKUP(E48,hoja!$A$2:$E$970,5,FALSE),0) -> CARTAGENA | H48: =IFERROR(VLOOKUP(E48,hoja!A:C,3,FALSE),0) -> 0113 | I48: =D48&H48 -> 30510113 | K48: 862 | L48: =IF(B48=F48,"REGIONAL","NACIONAL") -> NACIONAL | M48: Uraba | N48: LES_INACTIVE | O48: =IF(K48<=250,25,IF(K48<=500,16,IF(K48<=800,12,IF(K48<=1100,8,IF(K48<=1400,6,IF(K48<=1700,5)))))) -> 8 | P48: =D48&H48&M48 -> 30510113Uraba
A49: ARTESANOS MEDELLÍN | B49: =IFERROR(VLOOKUP(A49,hoja!$A$2:$E$970,4,FALSE),0) -> ANTIOQUIA | C49: =IFERROR(VLOOKUP(A49,hoja!$A$2:$E$1370,5,FALSE),0) -> MEDELLÍN | D49: =IFERROR(VLOOKUP(A49,hoja!A:D,3,FALSE),0) -> 3051 | E49: CEDI ITAGUI | F49: =IFERROR(VLOOKUP(E49,hoja!$A$2:$E$970,4,FALSE),0) -> ANTIOQUIA | G49: =IFERROR(VLOOKUP(E49,hoja!$A$2:$E$970,5,FALSE),0) -> MEDELLÍN | H49: =IFERROR(VLOOKUP(E49,hoja!A:C,3,FALSE),0) -> 0292 | I49: =D49&H49 -> 30510292 | K49: 13 | L49: =IF(B49=F49,"REGIONAL","NACIONAL") -> REGIONAL | M49: Principal | N49: {=IFERROR(IF(M49="Principal","LES_ACTIVE",LES_INACTIVE),0)} -> LES_ACTIVE | O49: =IF(K49<=250,25,IF(K49<=500,16,IF(K49<=800,12,IF(K49<=1100,8,IF(K49<=1400,6,IF(K49<=1700,5)))))) -> 25 | P49: =D49&H49&M49 -> 30510292Principal
A50: ARTESANOS MEDELLÍN | B50: =IFERROR(VLOOKUP(A50,hoja!$A$2:$E$970,4,FALSE),0) -> ANTIOQUIA | C50: =IFERROR(VLOOKUP(A50,hoja!$A$2:$E$1370,5,FALSE),0) -> MEDELLÍN | D50: =IFERROR(VLOOKUP(A50,hoja!A:D,3,FALSE),0) -> 3051 | E50: CEDI MADRID | F50: =IFERROR(VLOOKUP(E50,hoja!$A$2:$E$970,4,FALSE),0) -> CENTRO | G50: =IFERROR(VLOOKUP(E50,hoja!$A$2:$E$970,5,FALSE),0) -> MADRID | H50: =IFERROR(VLOOKUP(E50,hoja!A:C,3,FALSE),0) -> 0022 | I50: =D50&H50 -> 30510022 | K50: 489 | L50: =IF(B50=F50,"REGIONAL","NACIONAL") -> NACIONAL | M50: Puerto Berrío | N50: LES_INACTIVE | O50: =IF(K50<=250,25,IF(K50<=500,16,IF(K50<=800,12,IF(K50<=1100,8,IF(K50<=1400,6,IF(K50<=1700,5)))))) -> 16 | P50: =D50&H50&M50 -> 30510022Puerto Berrío
A51: ARTESANOS MEDELLÍN | B51: =IFERROR(VLOOKUP(A51,hoja!$A$2:$E$970,4,FALSE),0) -> ANTIOQUIA | C51: =IFERROR(VLOOKUP(A51,hoja!$A$2:$E$1370,5,FALSE),0) -> MEDELLÍN | D51: =IFERROR(VLOOKUP(A51,hoja!A:D,3,FALSE),0) -> 3051 | E51: CEDI MANIZALES | F51: =IFERROR(VLOOKUP(E51,hoja!$A$2:$E$970,4,FALSE),0) -> OCCIDENTE | G51: =IFERROR(VLOOKUP(E51,hoja!$A$2:$E$970,5,FALSE),0) -> MANIZALES | H51: =IFERROR(VLOOKUP(E51,hoja!A:C,3,FALSE),0) -> 0145 | I51: =D51&H51 -> 30510145 | K51: 193 | L51: =IF(B51=F51,"REGIONAL","NACIONAL") -> NACIONAL | M51: Principal | N51: {=IFERROR(IF(M51="Principal","LES_ACTIVE",LES_INACTIVE),0)} -> LES_ACTIVE | O51: =IF(K51<=250,25,IF(K51<=500,16,IF(K51<=800,12,IF(K51<=1100,8,IF(K51<=1400,6,IF(K51<=1700,5)))))) -> 25 | P51: =D51&H51&M51 -> 30510145Principal
A52: ARTESANOS MEDELLÍN | B52: =IFERROR(VLOOKUP(A52,hoja!$A$2:$E$970,4,FALSE),0) -> ANTIOQUIA | C52: =IFERROR(VLOOKUP(A52,hoja!$A$2:$E$1370,5,FALSE),0) -> MEDELLÍN | D52: =IFERROR(VLOOKUP(A52,hoja!A:D,3,FALSE),0) -> 3051 | E52: CEDI SINCELEJO | F52: =IFERROR(VLOOKUP(E52,hoja!$A$2:$E$970,4,FALSE),0) -> COSTA | G52: =IFERROR(VLOOKUP(E52,hoja!$A$2:$E$970,5,FALSE),0) -> SINCELEJO | H52: =IFERROR(VLOOKUP(E52,hoja!A:C,3,FALSE),0) -> 0382 | I52: =D52&H52 -> 30510382 | K52: 472 | L52: =IF(B52=F52,"REGIONAL","NACIONAL") -> NACIONAL | M52: Principal | N52: {=IFERROR(IF(M52="Principal","LES_ACTIVE",LES_INACTIVE),0)} -> LES_ACTIVE | O52: =IF(K52<=250,25,IF(K52<=500,16,IF(K52<=800,12,IF(K52<=1100,8,IF(K52<=1400,6,IF(K52<=1700,5)))))) -> 16 | P52: =D52&H52&M52 -> 30510382Principal
A53: ARTESANOS MEDELLÍN | B53: =IFERROR(VLOOKUP(A53,hoja!$A$2:$E$970,4,FALSE),0) -> ANTIOQUIA | C53: =IFERROR(VLOOKUP(A53,hoja!$A$2:$E$1370,5,FALSE),0) -> MEDELLÍN | D53: =IFERROR(VLOOKUP(A53,hoja!A:D,3,FALSE),0) -> 3051 | E53: GASCOL CENTRO | F53: =IFERROR(VLOOKUP(E53,hoja!$A$2:$E$970,4,FALSE),0) -> CENTRO | G53: =IFERROR(VLOOKUP(E53,hoja!$A$2:$E$970,5,FALSE),0) -> BOGOTÁ | H53: =IFERROR(VLOOKUP(E53,hoja!A:C,3,FALSE),0) -> 0002 | I53: =D53&H53 -> 30510002 | K53: 428 | L53: =IF(B53=F53,"REGIONAL","NACIONAL") -> NACIONAL | M53: Principal | N53: {=IFERROR(IF(M53="Principal","LES_ACTIVE",LES_INACTIVE),0)} -> LES_ACTIVE | O53: =IF(K53<=250,25,IF(K53<=500,16,IF(K53<=800,12,IF(K53<=1100,8,IF(K53<=1400,6,IF(K53<=1700,5)))))) -> 16 | P53: =D53&H53&M53 -> 30510002Principal
A54: ARTESANOS MEDELLÍN | B54: =IFERROR(VLOOKUP(A54,hoja!$A$2:$E$970,4,FALSE),0) -> ANTIOQUIA | C54: =IFERROR(VLOOKUP(A54,hoja!$A$2:$E$1370,5,FALSE),0) -> MEDELLÍN | D54: =IFERROR(VLOOKUP(A54,hoja!A:D,3,FALSE),0) -> 3051 | E54: GASEOSAS LUX BOGOTA | F54: =IFERROR(VLOOKUP(E54,hoja!$A$2:$E$970,4,FALSE),0) -> CENTRO | G54: =IFERROR(VLOOKUP(E54,hoja!$A$2:$E$970,5,FALSE),0) -> BOGOTÁ | H54: =IFERROR(VLOOKUP(E54,hoja!A:C,3,FALSE),0) -> 0021 | I54: =D54&H54 -> 30510021 | K54: 415 | L54: =IF(B54=F54,"REGIONAL","NACIONAL") -> NACIONAL | M54: Facatativa | N54: LES_ACTIVE | O54: =IF(K54<=250,25,IF(K54<=500,16,IF(K54<=800,12,IF(K54<=1100,8,IF(K54<=1400,6,IF(K54<=1700,5)))))) -> 16 | P54: =D54&H54&M54 -> 30510021Facatativa
A55: ARTESANOS MEDELLÍN | B55: =IFERROR(VLOOKUP(A55,hoja!$A$2:$E$970,4,FALSE),0) -> ANTIOQUIA | C55: =IFERROR(VLOOKUP(A55,hoja!$A$2:$E$1370,5,FALSE),0) -> MEDELLÍN | D55: =IFERROR(VLOOKUP(A55,hoja!A:D,3,FALSE),0) -> 3051 | E55: GASEOSAS LUX MONTERIA | F55: =IFERROR(VLOOKUP(E55,hoja!$A$2:$E$970,4,FALSE),0) -> COSTA | G55: =IFERROR(VLOOKUP(E55,hoja!$A$2:$E$970,5,FALSE),0) -> MONTERÍA | H55: =IFERROR(VLOOKUP(E55,hoja!A:C,3,FALSE),0) -> 0381 | I55: =D55&H55 -> 30510381 | K55: 406 | L55: =IF(B55=F55,"REGIONAL","NACIONAL") -> NACIONAL | M55: Principal | N55: {=IFERROR(IF(M55="Principal","LES_ACTIVE",LES_INACTIVE),0)} -> LES_ACTIVE | O55: =IF(K55<=250,25,IF(K55<=500,16,IF(K55<=800,12,IF(K55<=1100,8,IF(K55<=1400,6,IF(K55<=1700,5)))))) -> 16 | P55: =D55&H55&M55 -> 30510381Principal
A56: ARTESANOS MEDELLÍN | B56: =IFERROR(VLOOKUP(A56,hoja!$A$2:$E$970,4,FALSE),0) -> ANTIOQUIA | C56: =IFERROR(VLOOKUP(A56,hoja!$A$2:$E$1370,5,FALSE),0) -> MEDELLÍN | D56: =IFERROR(VLOOKUP(A56,hoja!A:D,3,FALSE),0) -> 3051 | E56: GASEOSAS LUX VALLEDUPAR | F56: =IFERROR(VLOOKUP(E56,hoja!$A$2:$E$970,4,FALSE),0) -> COSTA | G56: =IFERROR(VLOOKUP(E56,hoja!$A$2:$E$970,5,FALSE),0) -> VALLEDUPAR | H56: =IFERROR(VLOOKUP(E56,hoja!A:C,3,FALSE),0) -> 0447 | I56: =D56&H56 -> 30510447 | K56: 736 | L56: =IF(B56=F56,"REGIONAL","NACIONAL") -> NACIONAL | M56: Principal | N56: {=IFERROR(IF(M56="Principal","LES_ACTIVE",LES_INACTIVE),0)} -> LES_ACTIVE | O56: =IF(K56<=250,25,IF(K56<=500,16,IF(K56<=800,12,IF(K56<=1100,8,IF(K56<=1400,6,IF(K56<=1700,5)))))) -> 12 | P56: =D56&H56&M56 -> 30510447Principal
A57: ARTESANOS MEDELLÍN | B57: =IFERROR(VLOOKUP(A57,hoja!$A$2:$E$970,4,FALSE),0) -> ANTIOQUIA | C57: =IFERROR(VLOOKUP(A57,hoja!$A$2:$E$1370,5,FALSE),0) -> MEDELLÍN | D57: =IFERROR(VLOOKUP(A57,hoja!A:D,3,FALSE),0) -> 3051 | E57: GUARNE | F57: =IFERROR(VLOOKUP(E57,hoja!$A$2:$E$970,4,FALSE),0) -> ANTIOQUIA | G57: =IFERROR(VLOOKUP(E57,hoja!$A$2:$E$970,5,FALSE),0) -> RIONEGRO | H57: =IFERROR(VLOOKUP(E57,hoja!A:C,3,FALSE),0) -> 10211 | I57: =D57&H57 -> 305110211 | K57: 36 | L57: =IF(B57=F57,"REGIONAL","NACIONAL") -> REGIONAL | M57: Principal | N57: {=IFERROR(IF(M57="Principal","LES_ACTIVE",LES_INACTIVE),0)} -> LES_ACTIVE | O57: =IF(K57<=250,25,IF(K57<=500,16,IF(K57<=800,12,IF(K57<=1100,8,IF(K57<=1400,6,IF(K57<=1700,5)))))) -> 25 | P57: =D57&H57&M57 -> 305110211Principal
A58: ARTESANOS MEDELLÍN | B58: =IFERROR(VLOOKUP(A58,hoja!$A$2:$E$970,4,FALSE),0) -> ANTIOQUIA | C58: =IFERROR(VLOOKUP(A58,hoja!$A$2:$E$1370,5,FALSE),0) -> MEDELLÍN | D58: =IFERROR(VLOOKUP(A58,hoja!A:D,3,FALSE),0) -> 3051 | E58: POSTOBON BELLO | F58: =IFERROR(VLOOKUP(E58,hoja!$A$2:$E$970,4,FALSE),0) -> ANTIOQUIA | G58: =IFERROR(VLOOKUP(E58,hoja!$A$2:$E$970,5,FALSE),0) -> MEDELLÍN | H58: =IFERROR(VLOOKUP(E58,hoja!A:C,3,FALSE),0) -> 0079 | I58: =D58&H58 -> 30510079 | J58: 24.7 | K58: 432.06 | L58: =IF(B58=F58,"REGIONAL","NACIONAL") -> REGIONAL | M58: Principal | N58: {=IFERROR(IF(M58="Principal","LES_ACTIVE",LES_INACTIVE),0)} -> LES_ACTIVE | O58: =IF(K58<=250,25,IF(K58<=500,16,IF(K58<=800,12,IF(K58<=1100,8,IF(K58<=1400,6,IF(K58<=1700,5)))))) -> 16 | P58: =D58&H58&M58 -> 30510079Principal
A59: ARTESANOS MEDELLÍN | B59: =IFERROR(VLOOKUP(A59,hoja!$A$2:$E$970,4,FALSE),0) -> ANTIOQUIA | C59: =IFERROR(VLOOKUP(A59,hoja!$A$2:$E$1370,5,FALSE),0) -> MEDELLÍN | D59: =IFERROR(VLOOKUP(A59,hoja!A:D,3,FALSE),0) -> 3051 | E59: POSTOBON DOSQUEBRADAS | F59: =IFERROR(VLOOKUP(E59,hoja!$A$2:$E$970,4,FALSE),0) -> OCCIDENTE | G59: =IFERROR(VLOOKUP(E59,hoja!$A$2:$E$970,5,FALSE),0) -> PEREIRA | H59: =IFERROR(VLOOKUP(E59,hoja!A:C,3,FALSE),0) -> 0134 | I59: =D59&H59 -> 30510134 | K59: 205 | L59: =IF(B59=F59,"REGIONAL","NACIONAL") -> NACIONAL | M59: Amaga | N59: {=IFERROR(IF(M59="Principal","LES_ACTIVE",LES_INACTIVE),0)} -> 0 | O59: =IF(K59<=250,25,IF(K59<=500,16,IF(K59<=800,12,IF(K59<=1100,8,IF(K59<=1400,6,IF(K59<=1700,5)))))) -> 25 | P59: =D59&H59&M59 -> 30510134Amaga
A60: ARTESANOS MEDELLÍN | B60: =IFERROR(VLOOKUP(A60,hoja!$A$2:$E$970,4,FALSE),0) -> ANTIOQUIA | C60: =IFERROR(VLOOKUP(A60,hoja!$A$2:$E$1370,5,FALSE),0) -> MEDELLÍN | D60: =IFERROR(VLOOKUP(A60,hoja!A:D,3,FALSE),0) -> 3051 | E60: POSTOBON MALAMBO | F60: =IFERROR(VLOOKUP(E60,hoja!$A$2:$E$970,4,FALSE),0) -> COSTA | G60: =IFERROR(VLOOKUP(E60,hoja!$A$2:$E$970,5,FALSE),0) -> BARRANQUILLA | H60: =IFERROR(VLOOKUP(E60,hoja!A:C,3,FALSE),0) -> 0111 | I60: =D60&H60 -> 30510111 | K60: 688 | L60: =IF(B60=F60,"REGIONAL","NACIONAL") -> NACIONAL | M60: Principal | N60: {=IFERROR(IF(M60="Principal","LES_ACTIVE",LES_INACTIVE),0)} -> LES_ACTIVE | O60: =IF(K60<=250,25,IF(K60<=500,16,IF(K60<=800,12,IF(K60<=1100,8,IF(K60<=1400,6,IF(K60<=1700,5)))))) -> 12 | P60: =D60&H60&M60 -> 30510111Principal
A61: ARTESANOS MEDELLÍN | B61: =IFERROR(VLOOKUP(A61,hoja!$A$2:$E$970,4,FALSE),0) -> ANTIOQUIA | C61: =IFERROR(VLOOKUP(A61,hoja!$A$2:$E$1370,5,FALSE),0) -> MEDELLÍN | D61: =IFERROR(VLOOKUP(A61,hoja!A:D,3,FALSE),0) -> 3051 | E61: POSTOBON MEDELLIN | F61: =IFERROR(VLOOKUP(E61,hoja!$A$2:$E$970,4,FALSE),0) -> ANTIOQUIA | G61: =IFERROR(VLOOKUP(E61,hoja!$A$2:$E$970,5,FALSE),0) -> MEDELLÍN | H61: =IFERROR(VLOOKUP(E61,hoja!A:C,3,FALSE),0) -> 0092 | I61: =D61&H61 -> 30510092 | K61: 10 | L61: =IF(B61=F61,"REGIONAL","NACIONAL") -> REGIONAL | M61: Principal | N61: {=IFERROR(IF(M61="Principal","LES_ACTIVE",LES_INACTIVE),0)} -> LES_ACTIVE | O61: =IF(K61<=250,25,IF(K61<=500,16,IF(K61<=800,12,IF(K61<=1100,8,IF(K61<=1400,6,IF(K61<=1700,5)))))) -> 25 | P61: =D61&H61&M61 -> 30510092Principal
A62: ARTESANOS MEDELLÍN | B62: =IFERROR(VLOOKUP(A62,hoja!$A$2:$E$970,4,FALSE),0) -> ANTIOQUIA | C62: =IFERROR(VLOOKUP(A62,hoja!$A$2:$E$1370,5,FALSE),0) -> MEDELLÍN | D62: =IFERROR(VLOOKUP(A62,hoja!A:D,3,FALSE),0) -> 3051 | E62: POSTOBON PEREIRA | F62: =IFERROR(VLOOKUP(E62,hoja!$A$2:$E$970,4,FALSE),0) -> OCCIDENTE | G62: =IFERROR(VLOOKUP(E62,hoja!$A$2:$E$970,5,FALSE),0) -> PEREIRA | H62: =IFERROR(VLOOKUP(E62,hoja!A:C,3,FALSE),0) -> 0198 | I62: =D62&H62 -> 30510198 | K62: 210 | L62: =IF(B62=F62,"REGIONAL","NACIONAL") -> NACIONAL | M62: Principal | N62: {=IFERROR(IF(M62="Principal","LES_ACTIVE",LES_INACTIVE),0)} -> LES_ACTIVE | O62: =IF(K62<=250,25,IF(K62<=500,16,IF(K62<=800,12,IF(K62<=1100,8,IF(K62<=1400,6,IF(K62<=1700,5)))))) -> 25 | P62: =D62&H62&M62 -> 30510198Principal
A63: ARTESANOS MEDELLÍN | B63: =IFERROR(VLOOKUP(A63,hoja!$A$2:$E$970,4,FALSE),0) -> ANTIOQUIA | C63: =IFERROR(VLOOKUP(A63,hoja!$A$2:$E$1370,5,FALSE),0) -> MEDELLÍN | D63: =IFERROR(VLOOKUP(A63,hoja!A:D,3,FALSE),0) -> 3051 | E63: POSTOBON YUMBO | F63: =IFERROR(VLOOKUP(E63,hoja!$A$2:$E$970,4,FALSE),0) -> OCCIDENTE | G63: =IFERROR(VLOOKUP(E63,hoja!$A$2:$E$970,5,FALSE),0) -> CALI | H63: =IFERROR(VLOOKUP(E63,hoja!A:C,3,FALSE),0) -> 0410 | I63: =D63&H63 -> 30510410 | K63: 430 | L63: =IF(B63=F63,"REGIONAL","NACIONAL") -> NACIONAL | M63: Principal | N63: {=IFERROR(IF(M63="Principal","LES_ACTIVE",LES_INACTIVE),0)} -> LES_ACTIVE | O63: =IF(K63<=250,25,IF(K63<=500,16,IF(K63<=800,12,IF(K63<=1100,8,IF(K63<=1400,6,IF(K63<=1700,5)))))) -> 16 | P63: =D63&H63&M63 -> 30510410Principal
A64: ARTESANOS TOBERIN BOGOTA | B64: =IFERROR(VLOOKUP(A64,hoja!$A$2:$E$970,4,FALSE),0) -> CENTRO | C64: =IFERROR(VLOOKUP(A64,hoja!$A$2:$E$1370,5,FALSE),0) -> BOGOTÁ | D64: =IFERROR(VLOOKUP(A64,hoja!A:D,3,FALSE),0) -> 3052 | E64: CENTRAL CERVECERA - SESQUILE | F64: =IFERROR(VLOOKUP(E64,hoja!$A$2:$E$970,4,FALSE),0) -> CENTRO | G64: =IFERROR(VLOOKUP(E64,hoja!$A$2:$E$970,5,FALSE),0) -> SESQUILÉ | H64: =IFERROR(VLOOKUP(E64,hoja!A:C,3,FALSE),0) -> 1501 | I64: =D64&H64 -> 30521501 | J64: 1.8166667 | K64: 62.719 | L64: =IF(B64=F64,"REGIONAL","NACIONAL") -> REGIONAL | M64: Principal | N64: {=IFERROR(IF(M64="Principal","LES_ACTIVE",LES_INACTIVE),0)} -> LES_ACTIVE | O64: =IF(K64<=250,25,IF(K64<=500,16,IF(K64<=800,12,IF(K64<=1100,8,IF(K64<=1400,6,IF(K64<=1700,5)))))) -> 25 | P64: =D64&H64&M64 -> 30521501Principal
A65: ARTESANOS TOBERIN BOGOTA | B65: =IFERROR(VLOOKUP(A65,hoja!$A$2:$E$970,4,FALSE),0) -> CENTRO | C65: =IFERROR(VLOOKUP(A65,hoja!$A$2:$E$1370,5,FALSE),0) -> BOGOTÁ | D65: =IFERROR(VLOOKUP(A65,hoja!A:D,3,FALSE),0) -> 3052 | E65: GASCOL CENTRO | F65: =IFERROR(VLOOKUP(E65,hoja!$A$2:$E$970,4,FALSE),0) -> CENTRO | G65: =IFERROR(VLOOKUP(E65,hoja!$A$2:$E$970,5,FALSE),0) -> BOGOTÁ | H65: =IFERROR(VLOOKUP(E65,hoja!A:C,3,FALSE),0) -> 0002 | I65: =D65&H65 -> 30520002 | K65: 15 | L65: =IF(B65=F65,"REGIONAL","NACIONAL") -> REGIONAL | M65: Principal | N65: {=IFERROR(IF(M65="Principal","LES_ACTIVE",LES_INACTIVE),0)} -> LES_ACTIVE | O65: =IF(K65<=250,25,IF(K65<=500,16,IF(K65<=800,12,IF(K65<=1100,8,IF(K65<=1400,6,IF(K65<=1700,5)))))) -> 25 | P65: =D65&H65&M65 -> 30520002Principal
A66: ARTESANOS TOBERIN BOGOTA | B66: =IFERROR(VLOOKUP(A66,hoja!$A$2:$E$970,4,FALSE),0) -> CENTRO | C66: =IFERROR(VLOOKUP(A66,hoja!$A$2:$E$1370,5,FALSE),0) -> BOGOTÁ | D66: =IFERROR(VLOOKUP(A66,hoja!A:D,3,FALSE),0) -> 3052 | E66: GASEOSAS LUX BOGOTA | F66: =IFERROR(VLOOKUP(E66,hoja!$A$2:$E$970,4,FALSE),0) -> CENTRO | G66: =IFERROR(VLOOKUP(E66,hoja!$A$2:$E$970,5,FALSE),0) -> BOGOTÁ | H66: =IFERROR(VLOOKUP(E66,hoja!A:C,3,FALSE),0) -> 0021 | I66: =D66&H66 -> 30520021 | K66: 15 | L66: =IF(B66=F66,"REGIONAL","NACIONAL") -> REGIONAL | M66: Principal | N66: {=IFERROR(IF(M66="Principal","LES_ACTIVE",LES_INACTIVE),0)} -> LES_ACTIVE | O66: =IF(K66<=250,25,IF(K66<=500,16,IF(K66<=800,12,IF(K66<=1100,8,IF(K66<=1400,6,IF(K66<=1700,5)))))) -> 25 | P66: =D66&H66&M66 -> 30520021Principal
A67: ARTESANOS TOBERIN BOGOTA | B67: =IFERROR(VLOOKUP(A67,hoja!$A$2:$E$970,4,FALSE),0) -> CENTRO | C67: =IFERROR(VLOOKUP(A67,hoja!$A$2:$E$1370,5,FALSE),0) -> BOGOTÁ | D67: =IFERROR(VLOOKUP(A67,hoja!A:D,3,FALSE),0) -> 3052 | E67: GUARNE | F67: =IFERROR(VLOOKUP(E67,hoja!$A$2:$E$970,4,FALSE),0) -> ANTIOQUIA | G67: =IFERROR(VLOOKUP(E67,hoja!$A$2:$E$970,5,FALSE),0) -> RIONEGRO | H67: =IFERROR(VLOOKUP(E67,hoja!A:C,3,FALSE),0) -> 10211 | I67: =D67&H67 -> 305210211 | K67: 390 | L67: =IF(B67=F67,"REGIONAL","NACIONAL") -> NACIONAL | M67: Principal | N67: {=IFERROR(IF(M67="Principal","LES_ACTIVE",LES_INACTIVE),0)} -> LES_ACTIVE | O67: =IF(K67<=250,25,IF(K67<=500,16,IF(K67<=800,12,IF(K67<=1100,8,IF(K67<=1400,6,IF(K67<=1700,5)))))) -> 16 | P67: =D67&H67&M67 -> 305210211Principal
A68: BARRANCABERMEJA | B68: =IFERROR(VLOOKUP(A68,hoja!$A$2:$E$970,4,FALSE),0) -> SANTANDER | C68: =IFERROR(VLOOKUP(A68,hoja!$A$2:$E$1370,5,FALSE),0) -> BARRANCABERMEJA | D68: =IFERROR(VLOOKUP(A68,hoja!A:D,3,FALSE),0) -> 60144 | E68: NUTRIMENTI COPACABANA | F68: =IFERROR(VLOOKUP(E68,hoja!$A$2:$E$970,4,FALSE),0) -> ANTIOQUIA | G68: =IFERROR(VLOOKUP(E68,hoja!$A$2:$E$970,5,FALSE),0) -> MEDELLÍN | H68: =IFERROR(VLOOKUP(E68,hoja!A:C,3,FALSE),0) -> 50443 | I68: =D68&H68 -> 6014450443 | K68: 332 | L68: =IF(B68=F68,"REGIONAL","NACIONAL") -> NACIONAL | M68: Principal | N68: {=IFERROR(IF(M68="Principal","LES_ACTIVE",LES_INACTIVE),0)} -> LES_ACTIVE | O68: =IF(K68<=250,25,IF(K68<=500,16,IF(K68<=800,12,IF(K68<=1100,8,IF(K68<=1400,6,IF(K68<=1700,5)))))) -> 16 | P68: =D68&H68&M68 -> 6014450443Principal
A69: BARRANQUILLA | B69: =IFERROR(VLOOKUP(A69,hoja!$A$2:$E$970,4,FALSE),0) -> COSTA | C69: =IFERROR(VLOOKUP(A69,hoja!$A$2:$E$1370,5,FALSE),0) -> BARRANQUILLA | D69: =IFERROR(VLOOKUP(A69,hoja!A:D,3,FALSE),0) -> 60016 | E69: APARTADÓ | F69: =IFERROR(VLOOKUP(E69,hoja!$A$2:$E$970,4,FALSE),0) -> ANTIOQUIA | G69: =IFERROR(VLOOKUP(E69,hoja!$A$2:$E$970,5,FALSE),0) -> CHIGORODÓ | H69: =IFERROR(VLOOKUP(E69,hoja!A:C,3,FALSE),0) -> 60005 | I69: =D69&H69 -> 6001660005 | K69: 569 | L69: =IF(B69=F69,"REGIONAL","NACIONAL") -> NACIONAL | M69: Principal | N69: {=IFERROR(IF(M69="Principal","LES_ACTIVE",LES_INACTIVE),0)} -> LES_ACTIVE | O69: =IF(K69<=250,25,IF(K69<=500,16,IF(K69<=800,12,IF(K69<=1100,8,IF(K69<=1400,6,IF(K69<=1700,5)))))) -> 12 | P69: =D69&H69&M69 -> 6001660005Principal
A70: BARRANQUILLA | B70: =IFERROR(VLOOKUP(A70,hoja!$A$2:$E$970,4,FALSE),0) -> COSTA | C70: =IFERROR(VLOOKUP(A70,hoja!$A$2:$E$1370,5,FALSE),0) -> BARRANQUILLA | D70: =IFERROR(VLOOKUP(A70,hoja!A:D,3,FALSE),0) -> 60016 | E70: GASCOL SUR | F70: =IFERROR(VLOOKUP(E70,hoja!$A$2:$E$970,4,FALSE),0) -> CENTRO | G70: =IFERROR(VLOOKUP(E70,hoja!$A$2:$E$970,5,FALSE),0) -> BOGOTÁ | H70: =IFERROR(VLOOKUP(E70,hoja!A:C,3,FALSE),0) -> 0011 | I70: =D70&H70 -> 600160011 | K70: 1020 | L70: =IF(B70=F70,"REGIONAL","NACIONAL") -> NACIONAL | M70: Facatativa | N70: LES_ACTIVE | O70: =IF(K70<=250,25,IF(K70<=500,16,IF(K70<=800,12,IF(K70<=1100,8,IF(K70<=1400,6,IF(K70<=1700,5)))))) -> 8 | P70: =D70&H70&M70 -> 600160011Facatativa
A71: BARRANQUILLA | B71: =IFERROR(VLOOKUP(A71,hoja!$A$2:$E$970,4,FALSE),0) -> COSTA | C71: =IFERROR(VLOOKUP(A71,hoja!$A$2:$E$1370,5,FALSE),0) -> BARRANQUILLA | D71: =IFERROR(VLOOKUP(A71,hoja!A:D,3,FALSE),0) -> 60016 | E71: GASEOSAS LUX BOGOTA | F71: =IFERROR(VLOOKUP(E71,hoja!$A$2:$E$970,4,FALSE),0) -> CENTRO | G71: =IFERROR(VLOOKUP(E71,hoja!$A$2:$E$970,5,FALSE),0) -> BOGOTÁ | H71: =IFERROR(VLOOKUP(E71,hoja!A:C,3,FALSE),0) -> 0021 | I71: =D71&H71 -> 600160021 | J71: 48.083333 | K71: 1023.0155 | L71: =IF(B71=F71,"REGIONAL","NACIONAL") -> NACIONAL | M71: La Vega | N71: LES_ACTIVE | O71: =IF(K71<=250,25,IF(K71<=500,16,IF(K71<=800,12,IF(K71<=1100,8,IF(K71<=1400,6,IF(K71<=1700,5)))))) -> 8 | P71: =D71&H71&M71 -> 600160021La Vega
A72: BARRANQUILLA | B72: =IFERROR(VLOOKUP(A72,hoja!$A$2:$E$970,4,FALSE),0) -> COSTA | C72: =IFERROR(VLOOKUP(A72,hoja!$A$2:$E$1370,5,FALSE),0) -> BARRANQUILLA | D72: =IFERROR(VLOOKUP(A72,hoja!A:D,3,FALSE),0) -> 60016 | E72: PLANTA IBERPLAST | F72: =IFERROR(VLOOKUP(E72,hoja!$A$2:$E$970,4,FALSE),0) -> CENTRO | G72: =IFERROR(VLOOKUP(E72,hoja!$A$2:$E$970,5,FALSE),0) -> MADRID | H72: =IFERROR(VLOOKUP(E72,hoja!A:C,3,FALSE),0) -> 2023 | I72: =D72&H72 -> 600162023 | K72: 1015 | L72: =IF(B72=F72,"REGIONAL","NACIONAL") -> NACIONAL | M72: Principal | N72: {=IFERROR(IF(M72="Principal","LES_ACTIVE",LES_INACTIVE),0)} -> LES_ACTIVE | O72: =IF(K72<=250,25,IF(K72<=500,16,IF(K72<=800,12,IF(K72<=1100,8,IF(K72<=1400,6,IF(K72<=1700,5)))))) -> 8 | P72: =D72&H72&M72 -> 600162023Principal
A73: BARRANQUILLA | B73: =IFERROR(VLOOKUP(A73,hoja!$A$2:$E$970,4,FALSE),0) -> COSTA | C73: =IFERROR(VLOOKUP(A73,hoja!$A$2:$E$1370,5,FALSE),0) -> BARRANQUILLA | D73: =IFERROR(VLOOKUP(A73,hoja!A:D,3,FALSE),0) -> 60016 | E73: POSTOBON MALAMBO | F73: =IFERROR(VLOOKUP(E73,hoja!$A$2:$E$970,4,FALSE),0) -> COSTA | G73: =IFERROR(VLOOKUP(E73,hoja!$A$2:$E$970,5,FALSE),0) -> BARRANQUILLA | H73: =IFERROR(VLOOKUP(E73,hoja!A:C,3,FALSE),0) -> 0111 | I73: =D73&H73 -> 600160111 | K73: 17 | L73: =IF(B73=F73,"REGIONAL","NACIONAL") -> REGIONAL | M73: Principal | N73: {=IFERROR(IF(M73="Principal","LES_ACTIVE",LES_INACTIVE),0)} -> LES_ACTIVE | O73: =IF(K73<=250,25,IF(K73<=500,16,IF(K73<=800,12,IF(K73<=1100,8,IF(K73<=1400,6,IF(K73<=1700,5)))))) -> 25 | P73: =D73&H73&M73 -> 600160111Principal
A74: BARRANQUILLA | B74: =IFERROR(VLOOKUP(A74,hoja!$A$2:$E$970,4,FALSE),0) -> COSTA | C74: =IFERROR(VLOOKUP(A74,hoja!$A$2:$E$1370,5,FALSE),0) -> BARRANQUILLA | D74: =IFERROR(VLOOKUP(A74,hoja!A:D,3,FALSE),0) -> 60016 | E74: POSTOBON MEDELLIN | F74: =IFERROR(VLOOKUP(E74,hoja!$A$2:$E$970,4,FALSE),0) -> ANTIOQUIA | G74: =IFERROR(VLOOKUP(E74,hoja!$A$2:$E$970,5,FALSE),0) -> MEDELLÍN | H74: =IFERROR(VLOOKUP(E74,hoja!A:C,3,FALSE),0) -> 0092 | I74: =D74&H74 -> 600160092 | J74: 39.833333 | K74: 694.363 | L74: =IF(B74=F74,"REGIONAL","NACIONAL") -> NACIONAL | M74: Principal | N74: {=IFERROR(IF(M74="Principal","LES_ACTIVE",LES_INACTIVE),0)} -> LES_ACTIVE | O74: =IF(K74<=250,25,IF(K74<=500,16,IF(K74<=800,12,IF(K74<=1100,8,IF(K74<=1400,6,IF(K74<=1700,5)))))) -> 12 | P74: =D74&H74&M74 -> 600160092Principal
A75: BARRANQUILLA | B75: =IFERROR(VLOOKUP(A75,hoja!$A$2:$E$970,4,FALSE),0) -> COSTA | C75: =IFERROR(VLOOKUP(A75,hoja!$A$2:$E$1370,5,FALSE),0) -> BARRANQUILLA | D75: =IFERROR(VLOOKUP(A75,hoja!A:D,3,FALSE),0) -> 60016 | E75: PUERTO CONTECAR CARTAGENA | F75: =IFERROR(VLOOKUP(E75,hoja!$A$2:$E$970,4,FALSE),0) -> COSTA | G75: =IFERROR(VLOOKUP(E75,hoja!$A$2:$E$970,5,FALSE),0) -> CARTAGENA | H75: =IFERROR(VLOOKUP(E75,hoja!A:C,3,FALSE),0) -> 3002 | I75: =D75&H75 -> 600163002 | K75: 120 | L75: =IF(B75=F75,"REGIONAL","NACIONAL") -> REGIONAL | M75: Principal | N75: {=IFERROR(IF(M75="Principal","LES_ACTIVE",LES_INACTIVE),0)} -> LES_ACTIVE | O75: =IF(K75<=250,25,IF(K75<=500,16,IF(K75<=800,12,IF(K75<=1100,8,IF(K75<=1400,6,IF(K75<=1700,5)))))) -> 25 | P75: =D75&H75&M75 -> 600163002Principal
A76: BARRANQUILLA | B76: =IFERROR(VLOOKUP(A76,hoja!$A$2:$E$970,4,FALSE),0) -> COSTA | C76: =IFERROR(VLOOKUP(A76,hoja!$A$2:$E$1370,5,FALSE),0) -> BARRANQUILLA | D76: =IFERROR(VLOOKUP(A76,hoja!A:D,3,FALSE),0) -> 60016 | E76: PUERTO DE BARRANQUILLA | F76: =IFERROR(VLOOKUP(E76,hoja!$A$2:$E$970,4,FALSE),0) -> COSTA | G76: =IFERROR(VLOOKUP(E76,hoja!$A$2:$E$970,5,FALSE),0) -> BARRANQUILLA | H76: =IFERROR(VLOOKUP(E76,hoja!A:C,3,FALSE),0) -> 3000 | I76: =D76&H76 -> 600163000 | K76: 15 | L76: =IF(B76=F76,"REGIONAL","NACIONAL") -> REGIONAL | M76: Principal | N76: {=IFERROR(IF(M76="Principal","LES_ACTIVE",LES_INACTIVE),0)} -> LES_ACTIVE | O76: =IF(K76<=250,25,IF(K76<=500,16,IF(K76<=800,12,IF(K76<=1100,8,IF(K76<=1400,6,IF(K76<=1700,5)))))) -> 25 | P76: =D76&H76&M76 -> 600163000Principal
A77: BOGOTA | B77: =IFERROR(VLOOKUP(A77,hoja!$A$2:$E$970,4,FALSE),0) -> CENTRO | C77: =IFERROR(VLOOKUP(A77,hoja!$A$2:$E$1370,5,FALSE),0) -> BOGOTÁ | D77: =IFERROR(VLOOKUP(A77,hoja!A:D,3,FALSE),0) -> 60015 | E77: CEDI CALLE 80 | F77: =IFERROR(VLOOKUP(E77,hoja!$A$2:$E$970,4,FALSE),0) -> CENTRO | G77: =IFERROR(VLOOKUP(E77,hoja!$A$2:$E$970,5,FALSE),0) -> BOGOTÁ | H77: =IFERROR(VLOOKUP(E77,hoja!A:C,3,FALSE),0) -> 0035 | I77: =D77&H77 -> 600150035 | J77: 1.0333333 | K77: 23.09 | L77: =IF(B77=F77,"REGIONAL","NACIONAL") -> REGIONAL | M77: Principal | N77: {=IFERROR(IF(M77="Principal","LES_ACTIVE",LES_INACTIVE),0)} -> LES_ACTIVE | O77: =IF(K77<=250,25,IF(K77<=500,16,IF(K77<=800,12,IF(K77<=1100,8,IF(K77<=1400,6,IF(K77<=1700,5)))))) -> 25 | P77: =D77&H77&M77 -> 600150035Principal
A78: BOGOTA | B78: =IFERROR(VLOOKUP(A78,hoja!$A$2:$E$970,4,FALSE),0) -> CENTRO | C78: =IFERROR(VLOOKUP(A78,hoja!$A$2:$E$1370,5,FALSE),0) -> BOGOTÁ | D78: =IFERROR(VLOOKUP(A78,hoja!A:D,3,FALSE),0) -> 60015 | E78: CEDI FUSA_ | F78: =IFERROR(VLOOKUP(E78,hoja!$A$2:$E$970,4,FALSE),0) -> CENTRO | G78: =IFERROR(VLOOKUP(E78,hoja!$A$2:$E$970,5,FALSE),0) -> FUSA | H78: =IFERROR(VLOOKUP(E78,hoja!A:C,3,FALSE),0) -> 0013 | I78: =D78&H78 -> 600150013 | K78: 69.4 | L78: =IF(B78=F78,"REGIONAL","NACIONAL") -> REGIONAL | M78: Principal | N78: {=IFERROR(IF(M78="Principal","LES_ACTIVE",LES_INACTIVE),0)} -> LES_ACTIVE | O78: =IF(K78<=250,25,IF(K78<=500,16,IF(K78<=800,12,IF(K78<=1100,8,IF(K78<=1400,6,IF(K78<=1700,5)))))) -> 25 | P78: =D78&H78&M78 -> 600150013Principal
A79: BOGOTA | B79: =IFERROR(VLOOKUP(A79,hoja!$A$2:$E$970,4,FALSE),0) -> CENTRO | C79: =IFERROR(VLOOKUP(A79,hoja!$A$2:$E$1370,5,FALSE),0) -> BOGOTÁ | D79: =IFERROR(VLOOKUP(A79,hoja!A:D,3,FALSE),0) -> 60015 | E79: FUNZA | F79: =IFERROR(VLOOKUP(E79,hoja!$A$2:$E$970,4,FALSE),0) -> CENTRO | G79: =IFERROR(VLOOKUP(E79,hoja!$A$2:$E$970,5,FALSE),0) -> BOGOTÁ | H79: =IFERROR(VLOOKUP(E79,hoja!A:C,3,FALSE),0) -> 2067 | I79: =D79&H79 -> 600152067 | K79: 21.7 | L79: =IF(B79=F79,"REGIONAL","NACIONAL") -> REGIONAL | M79: Principal | N79: {=IFERROR(IF(M79="Principal","LES_ACTIVE",LES_INACTIVE),0)} -> LES_ACTIVE | O79: =IF(K79<=250,25,IF(K79<=500,16,IF(K79<=800,12,IF(K79<=1100,8,IF(K79<=1400,6,IF(K79<=1700,5)))))) -> 25 | P79: =D79&H79&M79 -> 600152067Principal
A80: BOGOTA | B80: =IFERROR(VLOOKUP(A80,hoja!$A$2:$E$970,4,FALSE),0) -> CENTRO | C80: =IFERROR(VLOOKUP(A80,hoja!$A$2:$E$1370,5,FALSE),0) -> BOGOTÁ | D80: =IFERROR(VLOOKUP(A80,hoja!A:D,3,FALSE),0) -> 60015 | E80: FUSAGASUGA | F80: =IFERROR(VLOOKUP(E80,hoja!$A$2:$E$970,4,FALSE),0) -> CENTRO | G80: =IFERROR(VLOOKUP(E80,hoja!$A$2:$E$970,5,FALSE),0) -> FUSA | H80: =IFERROR(VLOOKUP(E80,hoja!A:C,3,FALSE),0) -> 60145 | I80: =D80&H80 -> 6001560145 | K80: 69.4 | L80: =IF(B80=F80,"REGIONAL","NACIONAL") -> REGIONAL | M80: Principal | N80: {=IFERROR(IF(M80="Principal","LES_ACTIVE",LES_INACTIVE),0)} -> LES_ACTIVE | O80: =IF(K80<=250,25,IF(K80<=500,16,IF(K80<=800,12,IF(K80<=1100,8,IF(K80<=1400,6,IF(K80<=1700,5)))))) -> 25 | P80: =D80&H80&M80 -> 6001560145Principal
A81: BOGOTA | B81: =IFERROR(VLOOKUP(A81,hoja!$A$2:$E$970,4,FALSE),0) -> CENTRO | C81: =IFERROR(VLOOKUP(A81,hoja!$A$2:$E$1370,5,FALSE),0) -> BOGOTÁ | D81: =IFERROR(VLOOKUP(A81,hoja!A:D,3,FALSE),0) -> 60015 | E81: GASEOSAS LUX BOGOTA | F81: =IFERROR(VLOOKUP(E81,hoja!$A$2:$E$970,4,FALSE),0) -> CENTRO | G81: =IFERROR(VLOOKUP(E81,hoja!$A$2:$E$970,5,FALSE),0) -> BOGOTÁ | H81: =IFERROR(VLOOKUP(E81,hoja!A:C,3,FALSE),0) -> 0021 | I81: =D81&H81 -> 600150021 | K81: 15 | L81: =IF(B81=F81,"REGIONAL","NACIONAL") -> REGIONAL | M81: Principal | N81: {=IFERROR(IF(M81="Principal","LES_ACTIVE",LES_INACTIVE),0)} -> LES_ACTIVE | O81: =IF(K81<=250,25,IF(K81<=500,16,IF(K81<=800,12,IF(K81<=1100,8,IF(K81<=1400,6,IF(K81<=1700,5)))))) -> 25 | P81: =D81&H81&M81 -> 600150021Principal
A82: BOGOTA | B82: =IFERROR(VLOOKUP(A82,hoja!$A$2:$E$970,4,FALSE),0) -> CENTRO | C82: =IFERROR(VLOOKUP(A82,hoja!$A$2:$E$1370,5,FALSE),0) -> BOGOTÁ | D82: =IFERROR(VLOOKUP(A82,hoja!A:D,3,FALSE),0) -> 60015 | E82: GASEOSAS LUX NEIVA | F82: =IFERROR(VLOOKUP(E82,hoja!$A$2:$E$970,4,FALSE),0) -> CENTRO | G82: =IFERROR(VLOOKUP(E82,hoja!$A$2:$E$970,5,FALSE),0) -> NEIVA | H82: =IFERROR(VLOOKUP(E82,hoja!A:C,3,FALSE),0) -> 0385 | I82: =D82&H82 -> 600150385 | J82: 11.133333 | K82: 309.533 | L82: =IF(B82=F82,"REGIONAL","NACIONAL") -> REGIONAL | M82: Principal | N82: {=IFERROR(IF(M82="Principal","LES_ACTIVE",LES_INACTIVE),0)} -> LES_ACTIVE | O82: =IF(K82<=250,25,IF(K82<=500,16,IF(K82<=800,12,IF(K82<=1100,8,IF(K82<=1400,6,IF(K82<=1700,5)))))) -> 16 | P82: =D82&H82&M82 -> 600150385Principal
A83: BOGOTA | B83: =IFERROR(VLOOKUP(A83,hoja!$A$2:$E$970,4,FALSE),0) -> CENTRO | C83: =IFERROR(VLOOKUP(A83,hoja!$A$2:$E$1370,5,FALSE),0) -> BOGOTÁ | D83: =IFERROR(VLOOKUP(A83,hoja!A:D,3,FALSE),0) -> 60015 | E83: NEIVA | F83: =IFERROR(VLOOKUP(E83,hoja!$A$2:$E$970,4,FALSE),0) -> CENTRO | G83: =IFERROR(VLOOKUP(E83,hoja!$A$2:$E$970,5,FALSE),0) -> NEIVA | H83: =IFERROR(VLOOKUP(E83,hoja!A:C,3,FALSE),0) -> 60025 | I83: =D83&H83 -> 6001560025 | K83: 310 | L83: =IF(B83=F83,"REGIONAL","NACIONAL") -> REGIONAL | M83: Principal | N83: {=IFERROR(IF(M83="Principal","LES_ACTIVE",LES_INACTIVE),0)} -> LES_ACTIVE | O83: =IF(K83<=250,25,IF(K83<=500,16,IF(K83<=800,12,IF(K83<=1100,8,IF(K83<=1400,6,IF(K83<=1700,5)))))) -> 16 | P83: =D83&H83&M83 -> 6001560025Principal
A84: BOGOTA | B84: =IFERROR(VLOOKUP(A84,hoja!$A$2:$E$970,4,FALSE),0) -> CENTRO | C84: =IFERROR(VLOOKUP(A84,hoja!$A$2:$E$1370,5,FALSE),0) -> BOGOTÁ | D84: =IFERROR(VLOOKUP(A84,hoja!A:D,3,FALSE),0) -> 60015 | E84: NUTRIMENTI COPACABANA | F84: =IFERROR(VLOOKUP(E84,hoja!$A$2:$E$970,4,FALSE),0) -> ANTIOQUIA | G84: =IFERROR(VLOOKUP(E84,hoja!$A$2:$E$970,5,FALSE),0) -> MEDELLÍN | H84: =IFERROR(VLOOKUP(E84,hoja!A:C,3,FALSE),0) -> 50443 | I84: =D84&H84 -> 6001550443 | K84: 418 | L84: =IF(B84=F84,"REGIONAL","NACIONAL") -> NACIONAL | M84: Principal | N84: {=IFERROR(IF(M84="Principal","LES_ACTIVE",LES_INACTIVE),0)} -> LES_ACTIVE | O84: =IF(K84<=250,25,IF(K84<=500,16,IF(K84<=800,12,IF(K84<=1100,8,IF(K84<=1400,6,IF(K84<=1700,5)))))) -> 16 | P84: =D84&H84&M84 -> 6001550443Principal
A85: BOGOTA | B85: =IFERROR(VLOOKUP(A85,hoja!$A$2:$E$970,4,FALSE),0) -> CENTRO | C85: =IFERROR(VLOOKUP(A85,hoja!$A$2:$E$1370,5,FALSE),0) -> BOGOTÁ | D85: =IFERROR(VLOOKUP(A85,hoja!A:D,3,FALSE),0) -> 60015 | E85: PALMIRA | F85: =IFERROR(VLOOKUP(E85,hoja!$A$2:$E$970,4,FALSE),0) -> OCCIDENTE | G85: =IFERROR(VLOOKUP(E85,hoja!$A$2:$E$970,5,FALSE),0) -> CALOTO | H85: =IFERROR(VLOOKUP(E85,hoja!A:C,3,FALSE),0) -> 60048 | I85: =D85&H85 -> 6001560048 | K85: 444 | L85: =IF(B85=F85,"REGIONAL","NACIONAL") -> NACIONAL | M85: Principal | N85: {=IFERROR(IF(M85="Principal","LES_ACTIVE",LES_INACTIVE),0)} -> LES_ACTIVE | O85: =IF(K85<=250,25,IF(K85<=500,16,IF(K85<=800,12,IF(K85<=1100,8,IF(K85<=1400,6,IF(K85<=1700,5)))))) -> 16 | P85: =D85&H85&M85 -> 6001560048Principal
A86: BOGOTA | B86: =IFERROR(VLOOKUP(A86,hoja!$A$2:$E$970,4,FALSE),0) -> CENTRO | C86: =IFERROR(VLOOKUP(A86,hoja!$A$2:$E$1370,5,FALSE),0) -> BOGOTÁ | D86: =IFERROR(VLOOKUP(A86,hoja!A:D,3,FALSE),0) -> 60015 | E86: POSTOBON MALAMBO | F86: =IFERROR(VLOOKUP(E86,hoja!$A$2:$E$970,4,FALSE),0) -> COSTA | G86: =IFERROR(VLOOKUP(E86,hoja!$A$2:$E$970,5,FALSE),0) -> BARRANQUILLA | H86: =IFERROR(VLOOKUP(E86,hoja!A:C,3,FALSE),0) -> 0111 | I86: =D86&H86 -> 600150111 | K86: 1004 | L86: =IF(B86=F86,"REGIONAL","NACIONAL") -> NACIONAL | M86: Principal | N86: {=IFERROR(IF(M86="Principal","LES_ACTIVE",LES_INACTIVE),0)} -> LES_ACTIVE | O86: =IF(K86<=250,25,IF(K86<=500,16,IF(K86<=800,12,IF(K86<=1100,8,IF(K86<=1400,6,IF(K86<=1700,5)))))) -> 8 | P86: =D86&H86&M86 -> 600150111Principal
A87: BOGOTA | B87: =IFERROR(VLOOKUP(A87,hoja!$A$2:$E$970,4,FALSE),0) -> CENTRO | C87: =IFERROR(VLOOKUP(A87,hoja!$A$2:$E$1370,5,FALSE),0) -> BOGOTÁ | D87: =IFERROR(VLOOKUP(A87,hoja!A:D,3,FALSE),0) -> 60015 | E87: VILLAVICENCIO | F87: =IFERROR(VLOOKUP(E87,hoja!$A$2:$E$970,4,FALSE),0) -> CENTRO | G87: =IFERROR(VLOOKUP(E87,hoja!$A$2:$E$970,5,FALSE),0) -> VILLAVICENCIO | H87: =IFERROR(VLOOKUP(E87,hoja!A:C,3,FALSE),0) -> 60029 | I87: =D87&H87 -> 6001560029 | K87: 112 | L87: =IF(B87=F87,"REGIONAL","NACIONAL") -> REGIONAL | M87: Principal | N87: {=IFERROR(IF(M87="Principal","LES_ACTIVE",LES_INACTIVE),0)} -> LES_ACTIVE | O87: =IF(K87<=250,25,IF(K87<=500,16,IF(K87<=800,12,IF(K87<=1100,8,IF(K87<=1400,6,IF(K87<=1700,5)))))) -> 25 | P87: =D87&H87&M87 -> 6001560029Principal
A88: BOGOTA | B88: =IFERROR(VLOOKUP(A88,hoja!$A$2:$E$970,4,FALSE),0) -> CENTRO | C88: =IFERROR(VLOOKUP(A88,hoja!$A$2:$E$1370,5,FALSE),0) -> BOGOTÁ | D88: =IFERROR(VLOOKUP(A88,hoja!A:D,3,FALSE),0) -> 60015 | E88: YOPAL | F88: =IFERROR(VLOOKUP(E88,hoja!$A$2:$E$970,4,FALSE),0) -> CENTRO | G88: =IFERROR(VLOOKUP(E88,hoja!$A$2:$E$970,5,FALSE),0) -> YOPAL | H88: =IFERROR(VLOOKUP(E88,hoja!A:C,3,FALSE),0) -> 60152 | I88: =D88&H88 -> 6001560152 | K88: 374 | L88: =IF(B88=F88,"REGIONAL","NACIONAL") -> REGIONAL | M88: Principal | N88: {=IFERROR(IF(M88="Principal","LES_ACTIVE",LES_INACTIVE),0)} -> LES_ACTIVE | O88: =IF(K88<=250,25,IF(K88<=500,16,IF(K88<=800,12,IF(K88<=1100,8,IF(K88<=1400,6,IF(K88<=1700,5)))))) -> 16 | P88: =D88&H88&M88 -> 6001560152Principal
A89: BUCARAMANGA | B89: =IFERROR(VLOOKUP(A89,hoja!$A$2:$E$970,4,FALSE),0) -> SANTANDER | C89: =IFERROR(VLOOKUP(A89,hoja!$A$2:$E$1370,5,FALSE),0) -> PIEDECUESTA | D89: =IFERROR(VLOOKUP(A89,hoja!A:D,3,FALSE),0) -> 60017 | E89: CEDI ITAGUI | F89: =IFERROR(VLOOKUP(E89,hoja!$A$2:$E$970,4,FALSE),0) -> ANTIOQUIA | G89: =IFERROR(VLOOKUP(E89,hoja!$A$2:$E$970,5,FALSE),0) -> MEDELLÍN | H89: =IFERROR(VLOOKUP(E89,hoja!A:C,3,FALSE),0) -> 0292 | I89: =D89&H89 -> 600170292 | K89: 401 | L89: =IF(B89=F89,"REGIONAL","NACIONAL") -> NACIONAL | M89: Principal | N89: {=IFERROR(IF(M89="Principal","LES_ACTIVE",LES_INACTIVE),0)} -> LES_ACTIVE | O89: =IF(K89<=250,25,IF(K89<=500,16,IF(K89<=800,12,IF(K89<=1100,8,IF(K89<=1400,6,IF(K89<=1700,5)))))) -> 16 | P89: =D89&H89&M89 -> 600170292Principal
A90: BUCARAMANGA | B90: =IFERROR(VLOOKUP(A90,hoja!$A$2:$E$970,4,FALSE),0) -> SANTANDER | C90: =IFERROR(VLOOKUP(A90,hoja!$A$2:$E$1370,5,FALSE),0) -> PIEDECUESTA | D90: =IFERROR(VLOOKUP(A90,hoja!A:D,3,FALSE),0) -> 60017 | E90: CEDI MANIZALES | F90: =IFERROR(VLOOKUP(E90,hoja!$A$2:$E$970,4,FALSE),0) -> OCCIDENTE | G90: =IFERROR(VLOOKUP(E90,hoja!$A$2:$E$970,5,FALSE),0) -> MANIZALES | H90: =IFERROR(VLOOKUP(E90,hoja!A:C,3,FALSE),0) -> 0145 | I90: =D90&H90 -> 600170145 | K90: 97.1 | L90: =IF(B90=F90,"REGIONAL","NACIONAL") -> NACIONAL | M90: Principal | N90: {=IFERROR(IF(M90="Principal","LES_ACTIVE",LES_INACTIVE),0)} -> LES_ACTIVE | O90: =IF(K90<=250,25,IF(K90<=500,16,IF(K90<=800,12,IF(K90<=1100,8,IF(K90<=1400,6,IF(K90<=1700,5)))))) -> 25 | P90: =D90&H90&M90 -> 600170145Principal
A91: BUCARAMANGA | B91: =IFERROR(VLOOKUP(A91,hoja!$A$2:$E$970,4,FALSE),0) -> SANTANDER | C91: =IFERROR(VLOOKUP(A91,hoja!$A$2:$E$1370,5,FALSE),0) -> PIEDECUESTA | D91: =IFERROR(VLOOKUP(A91,hoja!A:D,3,FALSE),0) -> 60017 | E91: GASEOSAS LUX BOGOTA | F91: =IFERROR(VLOOKUP(E91,hoja!$A$2:$E$970,4,FALSE),0) -> CENTRO | G91: =IFERROR(VLOOKUP(E91,hoja!$A$2:$E$970,5,FALSE),0) -> BOGOTÁ | H91: =IFERROR(VLOOKUP(E91,hoja!A:C,3,FALSE),0) -> 0021 | I91: =D91&H91 -> 600170021 | K91: 397 | L91: =IF(B91=F91,"REGIONAL","NACIONAL") -> NACIONAL | M91: Principal | N91: {=IFERROR(IF(M91="Principal","LES_ACTIVE",LES_INACTIVE),0)} -> LES_ACTIVE | O91: =IF(K91<=250,25,IF(K91<=500,16,IF(K91<=800,12,IF(K91<=1100,8,IF(K91<=1400,6,IF(K91<=1700,5)))))) -> 16 | P91: =D91&H91&M91 -> 600170021Principal
A92: BUCARAMANGA | B92: =IFERROR(VLOOKUP(A92,hoja!$A$2:$E$970,4,FALSE),0) -> SANTANDER | C92: =IFERROR(VLOOKUP(A92,hoja!$A$2:$E$1370,5,FALSE),0) -> PIEDECUESTA | D92: =IFERROR(VLOOKUP(A92,hoja!A:D,3,FALSE),0) -> 60017 | E92: GASEOSAS LUX VILLAVICENCIO | F92: =IFERROR(VLOOKUP(E92,hoja!$A$2:$E$970,4,FALSE),0) -> CENTRO | G92: =IFERROR(VLOOKUP(E92,hoja!$A$2:$E$970,5,FALSE),0) -> VILLAVICENCIO | H92: =IFERROR(VLOOKUP(E92,hoja!A:C,3,FALSE),0) -> 0393 | I92: =D92&H92 -> 600170393 | K92: 519 | L92: =IF(B92=F92,"REGIONAL","NACIONAL") -> NACIONAL | M92: Principal | N92: {=IFERROR(IF(M92="Principal","LES_ACTIVE",LES_INACTIVE),0)} -> LES_ACTIVE | O92: =IF(K92<=250,25,IF(K92<=500,16,IF(K92<=800,12,IF(K92<=1100,8,IF(K92<=1400,6,IF(K92<=1700,5)))))) -> 12 | P92: =D92&H92&M92 -> 600170393Principal
A93: BUCARAMANGA | B93: =IFERROR(VLOOKUP(A93,hoja!$A$2:$E$970,4,FALSE),0) -> SANTANDER | C93: =IFERROR(VLOOKUP(A93,hoja!$A$2:$E$1370,5,FALSE),0) -> PIEDECUESTA | D93: =IFERROR(VLOOKUP(A93,hoja!A:D,3,FALSE),0) -> 60017 | E93: POSTOBON MEDELLIN | F93: =IFERROR(VLOOKUP(E93,hoja!$A$2:$E$970,4,FALSE),0) -> ANTIOQUIA | G93: =IFERROR(VLOOKUP(E93,hoja!$A$2:$E$970,5,FALSE),0) -> MEDELLÍN | H93: =IFERROR(VLOOKUP(E93,hoja!A:C,3,FALSE),0) -> 0092 | I93: =D93&H93 -> 600170092 | K93: 389 | L93: =IF(B93=F93,"REGIONAL","NACIONAL") -> NACIONAL | M93: Principal | N93: {=IFERROR(IF(M93="Principal","LES_ACTIVE",LES_INACTIVE),0)} -> LES_ACTIVE | O93: =IF(K93<=250,25,IF(K93<=500,16,IF(K93<=800,12,IF(K93<=1100,8,IF(K93<=1400,6,IF(K93<=1700,5)))))) -> 16 | P93: =D93&H93&M93 -> 600170092Principal
A94: BUCARAMANGA | B94: =IFERROR(VLOOKUP(A94,hoja!$A$2:$E$970,4,FALSE),0) -> SANTANDER | C94: =IFERROR(VLOOKUP(A94,hoja!$A$2:$E$1370,5,FALSE),0) -> PIEDECUESTA | D94: =IFERROR(VLOOKUP(A94,hoja!A:D,3,FALSE),0) -> 60017 | E94: Punto de intercambio Cartago | F94: =IFERROR(VLOOKUP(E94,hoja!$A$2:$E$970,4,FALSE),0) -> OCCIDENTE | G94: =IFERROR(VLOOKUP(E94,hoja!$A$2:$E$970,5,FALSE),0) -> Pereira-Eficiente destino Yumb | H94: =IFERROR(VLOOKUP(E94,hoja!A:C,3,FALSE),0) -> 60064 | I94: =D94&H94 -> 6001760064 | J94: 1.7333333 | K94: 51.324 | L94: =IF(B94=F94,"REGIONAL","NACIONAL") -> NACIONAL | M94: Principal | N94: {=IFERROR(IF(M94="Principal","LES_ACTIVE",LES_INACTIVE),0)} -> LES_ACTIVE | O94: =IF(K94<=250,25,IF(K94<=500,16,IF(K94<=800,12,IF(K94<=1100,8,IF(K94<=1400,6,IF(K94<=1700,5)))))) -> 25 | P94: =D94&H94&M94 -> 6001760064Principal
A95: BUENAVENTURA | B95: =IFERROR(VLOOKUP(A95,hoja!$A$2:$E$970,4,FALSE),0) -> OCCIDENTE | C95: =IFERROR(VLOOKUP(A95,hoja!$A$2:$E$1370,5,FALSE),0) -> BUENAVENTURA | D95: =IFERROR(VLOOKUP(A95,hoja!A:D,3,FALSE),0) -> 60054 | E95: CEDI BUGA | F95: =IFERROR(VLOOKUP(E95,hoja!$A$2:$E$970,4,FALSE),0) -> OCCIDENTE | G95: =IFERROR(VLOOKUP(E95,hoja!$A$2:$E$970,5,FALSE),0) -> BUGA | H95: =IFERROR(VLOOKUP(E95,hoja!A:C,3,FALSE),0) -> 0411 | I95: =D95&H95 -> 600540411 | J95: 3.2666667 | K95: 126.123 | L95: =IF(B95=F95,"REGIONAL","NACIONAL") -> REGIONAL | M95: Principal | N95: {=IFERROR(IF(M95="Principal","LES_ACTIVE",LES_INACTIVE),0)} -> LES_ACTIVE | O95: =IF(K95<=250,25,IF(K95<=500,16,IF(K95<=800,12,IF(K95<=1100,8,IF(K95<=1400,6,IF(K95<=1700,5)))))) -> 25 | P95: =D95&H95&M95 -> 600540411Principal
A96: BUENAVENTURA | B96: =IFERROR(VLOOKUP(A96,hoja!$A$2:$E$970,4,FALSE),0) -> OCCIDENTE | C96: =IFERROR(VLOOKUP(A96,hoja!$A$2:$E$1370,5,FALSE),0) -> BUENAVENTURA | D96: =IFERROR(VLOOKUP(A96,hoja!A:D,3,FALSE),0) -> 60054 | E96: ESTRELLA | F96: =IFERROR(VLOOKUP(E96,hoja!$A$2:$E$970,4,FALSE),0) -> ANTIOQUIA | G96: =IFERROR(VLOOKUP(E96,hoja!$A$2:$E$970,5,FALSE),0) -> MEDELLÍN | H96: =IFERROR(VLOOKUP(E96,hoja!A:C,3,FALSE),0) -> 60046 | I96: =D96&H96 -> 6005460046 | K96: 440 | L96: =IF(B96=F96,"REGIONAL","NACIONAL") -> NACIONAL | M96: Principal | N96: {=IFERROR(IF(M96="Principal","LES_ACTIVE",LES_INACTIVE),0)} -> LES_ACTIVE | O96: =IF(K96<=250,25,IF(K96<=500,16,IF(K96<=800,12,IF(K96<=1100,8,IF(K96<=1400,6,IF(K96<=1700,5)))))) -> 16 | P96: =D96&H96&M96 -> 6005460046Principal
A97: BUENAVENTURA | B97: =IFERROR(VLOOKUP(A97,hoja!$A$2:$E$970,4,FALSE),0) -> OCCIDENTE | C97: =IFERROR(VLOOKUP(A97,hoja!$A$2:$E$1370,5,FALSE),0) -> BUENAVENTURA | D97: =IFERROR(VLOOKUP(A97,hoja!A:D,3,FALSE),0) -> 60054 | E97: GASEOSAS LUX BOGOTA | F97: =IFERROR(VLOOKUP(E97,hoja!$A$2:$E$970,4,FALSE),0) -> CENTRO | G97: =IFERROR(VLOOKUP(E97,hoja!$A$2:$E$970,5,FALSE),0) -> BOGOTÁ | H97: =IFERROR(VLOOKUP(E97,hoja!A:C,3,FALSE),0) -> 0021 | I97: =D97&H97 -> 600540021 | K97: 502 | L97: =IF(B97=F97,"REGIONAL","NACIONAL") -> NACIONAL | M97: Principal | N97: {=IFERROR(IF(M97="Principal","LES_ACTIVE",LES_INACTIVE),0)} -> LES_ACTIVE | O97: =IF(K97<=250,25,IF(K97<=500,16,IF(K97<=800,12,IF(K97<=1100,8,IF(K97<=1400,6,IF(K97<=1700,5)))))) -> 12 | P97: =D97&H97&M97 -> 600540021Principal
A98: BUENAVENTURA | B98: =IFERROR(VLOOKUP(A98,hoja!$A$2:$E$970,4,FALSE),0) -> OCCIDENTE | C98: =IFERROR(VLOOKUP(A98,hoja!$A$2:$E$1370,5,FALSE),0) -> BUENAVENTURA | D98: =IFERROR(VLOOKUP(A98,hoja!A:D,3,FALSE),0) -> 60054 | E98: NUTRIMENTI COPACABANA | F98: =IFERROR(VLOOKUP(E98,hoja!$A$2:$E$970,4,FALSE),0) -> ANTIOQUIA | G98: =IFERROR(VLOOKUP(E98,hoja!$A$2:$E$970,5,FALSE),0) -> MEDELLÍN | H98: =IFERROR(VLOOKUP(E98,hoja!A:C,3,FALSE),0) -> 50443 | I98: =D98&H98 -> 6005450443 | K98: 470 | L98: =IF(B98=F98,"REGIONAL","NACIONAL") -> NACIONAL | M98: Principal | N98: {=IFERROR(IF(M98="Principal","LES_ACTIVE",LES_INACTIVE),0)} -> LES_ACTIVE | O98: =IF(K98<=250,25,IF(K98<=500,16,IF(K98<=800,12,IF(K98<=1100,8,IF(K98<=1400,6,IF(K98<=1700,5)))))) -> 16 | P98: =D98&H98&M98 -> 6005450443Principal
A99: BUENAVENTURA | B99: =IFERROR(VLOOKUP(A99,hoja!$A$2:$E$970,4,FALSE),0) -> OCCIDENTE | C99: =IFERROR(VLOOKUP(A99,hoja!$A$2:$E$1370,5,FALSE),0) -> BUENAVENTURA | D99: =IFERROR(VLOOKUP(A99,hoja!A:D,3,FALSE),0) -> 60054 | E99: PLANTA IBERPLAST | F99: =IFERROR(VLOOKUP(E99,hoja!$A$2:$E$970,4,FALSE),0) -> CENTRO | G99: =IFERROR(VLOOKUP(E99,hoja!$A$2:$E$970,5,FALSE),0) -> MADRID | H99: =IFERROR(VLOOKUP(E99,hoja!A:C,3,FALSE),0) -> 2023 | I99: =D99&H99 -> 600542023 | K99: 481 | L99: =IF(B99=F99,"REGIONAL","NACIONAL") -> NACIONAL | M99: Principal | N99: {=IFERROR(IF(M99="Principal","LES_ACTIVE",LES_INACTIVE),0)} -> LES_ACTIVE | O99: =IF(K99<=250,25,IF(K99<=500,16,IF(K99<=800,12,IF(K99<=1100,8,IF(K99<=1400,6,IF(K99<=1700,5)))))) -> 16 | P99: =D99&H99&M99 -> 600542023Principal
A100: BUENAVENTURA | B100: =IFERROR(VLOOKUP(A100,hoja!$A$2:$E$970,4,FALSE),0) -> OCCIDENTE | C100: =IFERROR(VLOOKUP(A100,hoja!$A$2:$E$1370,5,FALSE),0) -> BUENAVENTURA | D100: =IFERROR(VLOOKUP(A100,hoja!A:D,3,FALSE),0) -> 60054 | E100: POSTOBON MALAMBO | F100: =IFERROR(VLOOKUP(E100,hoja!$A$2:$E$970,4,FALSE),0) -> COSTA | G100: =IFERROR(VLOOKUP(E100,hoja!$A$2:$E$970,5,FALSE),0) -> BARRANQUILLA | H100: =IFERROR(VLOOKUP(E100,hoja!A:C,3,FALSE),0) -> 0111 | I100: =D100&H100 -> 600540111 | K100: 1187 | L100: =IF(B100=F100,"REGIONAL","NACIONAL") -> NACIONAL | M100: Principal | N100: {=IFERROR(IF(M100="Principal","LES_ACTIVE",LES_INACTIVE),0)} -> LES_ACTIVE | O100: =IF(K100<=250,25,IF(K100<=500,16,IF(K100<=800,12,IF(K100<=1100,8,IF(K100<=1400,6,IF(K100<=1700,5)))))) -> 6 | P100: =D100&H100&M100 -> 600540111Principal
...

Sheet hoja
A1: Plaza | B1: Nombre Centro | C1: Codigo SAP | D1: Regional | E1: Ciudad | F1: Ciudad SICETAC | G1: Equivalente SICETAC | H1: Código nómina | I1: Código facturación | J1: Ciudad Tablero RNDC | K1: COD CIUDAD SISETAC | L1: Ciudad Equivalente RNDC | M1: COD EQUIVALENTE SISETAC | N1: Plaza
A2: AIR LIQUIDE SIBATE | B2: AIR LIQUIDE SIBATE | C2: 8101 | D2: CENTRO | E2: BOGOTÁ | F2: SIBATE CUNDINAMARCA | G2: BOGOTA | I2: AIRLQSI | J2: =IFERROR(VLOOKUP(F2,'Ciudad tablero'!A:B,2,0),0) -> SIBATE CUNDINAMARCA | K2: =IFERROR(VLOOKUP(J2,'Ciudad tablero'!B:C,2,0),0) -> 25740000 | L2: =IFERROR(VLOOKUP(G2,'Ciudad tablero'!A:B,2,0),0) -> BOGOTA BOGOTA D. C. | M2: =IFERROR(VLOOKUP(L2,'Ciudad tablero'!B:C,2,0),0) -> 11001000 | N2: =+A2 -> AIR LIQUIDE SIBATE
A3: CALOTO-NGB | B3: CALOTO-NGB | C3: 0445 | D3: OCCIDENTE | E3: CALOTO | F3: CALOTO CAUCA | G3: CALI | I3: CALOT | J3: =IFERROR(VLOOKUP(F3,'Ciudad tablero'!A:B,2,0),0) -> CALOTO CAUCA | K3: =IFERROR(VLOOKUP(J3,'Ciudad tablero'!B:C,2,0),0) -> 19142000 | L3: =IFERROR(VLOOKUP(G3,'Ciudad tablero'!A:B,2,0),0) -> CALI VALLE DEL CAUCA | M3: =IFERROR(VLOOKUP(L3,'Ciudad tablero'!B:C,2,0),0) -> 76001000 | N3: =+A3 -> CALOTO-NGB
A4: CEDI AGUACHICA | B4: CEDI AGUACHICA | C4: 0437 | D4: SANTANDER | E4: AGUACHICA | F4: AGUACHICA CESAR | G4: BARRANCABERMEJA | I4: AGUAC | J4: =IFERROR(VLOOKUP(F4,'Ciudad tablero'!A:B,2,0),0) -> AGUACHICA CESAR | K4: =IFERROR(VLOOKUP(J4,'Ciudad tablero'!B:C,2,0),0) -> 20011000 | L4: =IFERROR(VLOOKUP(G4,'Ciudad tablero'!A:B,2,0),0) -> BARRANCABERMEJA SANTANDER | M4: =IFERROR(VLOOKUP(L4,'Ciudad tablero'!B:C,2,0),0) -> 68081000 | N4: =+A4 -> CEDI AGUACHICA
A5: CEDI ANSERMA | B5: CEDI ANSERMA | C5: 0146 | D5: OCCIDENTE | E5: ANSERMA | F5: ANSERMA CALDAS | G5: MANIZALES | I5: ANSER | J5: =IFERROR(VLOOKUP(F5,'Ciudad tablero'!A:B,2,0),0) -> 0 | K5: =IFERROR(VLOOKUP(J5,'Ciudad tablero'!B:C,2,0),0) -> 0 | L5: =IFERROR(VLOOKUP(G5,'Ciudad tablero'!A:B,2,0),0) -> MANIZALES CALDAS | M5: =IFERROR(VLOOKUP(L5,'Ciudad tablero'!B:C,2,0),0) -> 17001000 | N5: =+A5 -> CEDI ANSERMA
A6: CEDI ARACATACA | B6: CEDI ARACATACA | C6: 0119 | D6: COSTA | E6: ARACATACA | F6: ARACATACA MAGDALENA | G6: SANTA MARTA | I6: ARACA | J6: =IFERROR(VLOOKUP(F6,'Ciudad tablero'!A:B,2,0),0) -> ARACATACA MAGDALENA | K6: =IFERROR(VLOOKUP(J6,'Ciudad tablero'!B:C,2,0),0) -> 47053000 | L6: =IFERROR(VLOOKUP(G6,'Ciudad tablero'!A:B,2,0),0) -> SANTA MARTA MAGDALENA | M6: =IFERROR(VLOOKUP(L6,'Ciudad tablero'!B:C,2,0),0) -> 47001000 | N6: =+A6 -> CEDI ARACATACA
A7: CEDI ARMENIA | B7: CEDI ARMENIA | C7: 0142 | D7: OCCIDENTE | E7: ARMENIA | F7: ARMENIA | G7: PEREIRA | I7: ARMEN | J7: =IFERROR(VLOOKUP(F7,'Ciudad tablero'!A:B,2,0),0) -> ARMENIA QUINDIO | K7: =IFERROR(VLOOKUP(J7,'Ciudad tablero'!B:C,2,0),0) -> 63001000 | L7: =IFERROR(VLOOKUP(G7,'Ciudad tablero'!A:B,2,0),0) -> PEREIRA RISARALDA | M7: =IFERROR(VLOOKUP(L7,'Ciudad tablero'!B:C,2,0),0) -> 66001000 | N7: =+A7 -> CEDI ARMENIA
A8: CEDI BARBOSA | B8: CEDI BARBOSA | C8: 0446 | D8: SANTANDER | E8: BARBOSA | F8: BARBOSA SANTANDER | G8: DUITAMA | I8: BARBO | J8: =IFERROR(VLOOKUP(F8,'Ciudad tablero'!A:B,2,0),0) -> BARBOSA SANTANDER | K8: =IFERROR(VLOOKUP(J8,'Ciudad tablero'!B:C,2,0),0) -> 68077000 | L8: =IFERROR(VLOOKUP(G8,'Ciudad tablero'!A:B,2,0),0) -> DUITAMA BOYACA | M8: =IFERROR(VLOOKUP(L8,'Ciudad tablero'!B:C,2,0),0) -> 15238000 | N8: =+A8 -> CEDI BARBOSA
A9: CEDI BOSCONIA | B9: CEDI BOSCONIA | C9: 0449 | D9: COSTA | E9: BOSCONIA | F9: BOSCONIA CESAR | G9: SANTA MARTA | I9: BOSCO | J9: =IFERROR(VLOOKUP(F9,'Ciudad tablero'!A:B,2,0),0) -> BOSCONIA CESAR | K9: =IFERROR(VLOOKUP(J9,'Ciudad tablero'!B:C,2,0),0) -> 20060000 | L9: =IFERROR(VLOOKUP(G9,'Ciudad tablero'!A:B,2,0),0) -> SANTA MARTA MAGDALENA | M9: =IFERROR(VLOOKUP(L9,'Ciudad tablero'!B:C,2,0),0) -> 47001000 | N9: =+A9 -> CEDI BOSCONIA
A10: CEDI BUENAVENTURA | B10: CEDI BUENAVENTURA | C10: 0131 | D10: OCCIDENTE | E10: BUENAVENTURA | F10: BUENAVENTURA | G10: BUENAVENTURA | I10: BTURA | J10: =IFERROR(VLOOKUP(F10,'Ciudad tablero'!A:B,2,0),0) -> BUENAVENTURA VALLE DEL CAUCA | K10: =IFERROR(VLOOKUP(J10,'Ciudad tablero'!B:C,2,0),0) -> 76109000 | L10: =IFERROR(VLOOKUP(G10,'Ciudad tablero'!A:B,2,0),0) -> BUENAVENTURA VALLE DEL CAUCA | M10: =IFERROR(VLOOKUP(L10,'Ciudad tablero'!B:C,2,0),0) -> 76109000 | N10: =+A10 -> CEDI BUENAVENTURA
A11: CEDI BUGA | B11: CEDI BUGA | C11: 0411 | D11: OCCIDENTE | E11: BUGA | F11: GUADALAJARA DE BUGA VALLE DEL CAUCA | G11: CALI | I11: BUGA | J11: =IFERROR(VLOOKUP(F11,'Ciudad tablero'!A:B,2,0),0) -> GUADALAJARA DE BUGA VALLE DEL CAUCA | K11: =IFERROR(VLOOKUP(J11,'Ciudad tablero'!B:C,2,0),0) -> 76111000 | L11: =IFERROR(VLOOKUP(G11,'Ciudad tablero'!A:B,2,0),0) -> CALI VALLE DEL CAUCA | M11: =IFERROR(VLOOKUP(L11,'Ciudad tablero'!B:C,2,0),0) -> 76001000 | N11: =+A11 -> CEDI BUGA
A12: CEDI CALLE 80 | B12: CEDI CALLE 80 | C12: 0035 | D12: CENTRO | E12: BOGOTÁ | F12: TENJO CUNDINAMARCA | G12: BOGOTA | I12: CALLE | J12: =IFERROR(VLOOKUP(F12,'Ciudad tablero'!A:B,2,0),0) -> TENJO CUNDINAMARCA | K12: =IFERROR(VLOOKUP(J12,'Ciudad tablero'!B:C,2,0),0) -> 25799000 | L12: =IFERROR(VLOOKUP(G12,'Ciudad tablero'!A:B,2,0),0) -> BOGOTA BOGOTA D. C. | M12: =IFERROR(VLOOKUP(L12,'Ciudad tablero'!B:C,2,0),0) -> 11001000 | N12: =+A12 -> CEDI CALLE 80
A13: CEDI CAQUEZA | B13: CEDI CAQUEZA | C13: 0012 | D13: CENTRO | E13: CAQUEZA | F13: CAQUEZA CUNDINAMARCA | G13: BOGOTA | I13: CAQUEA | J13: =IFERROR(VLOOKUP(F13,'Ciudad tablero'!A:B,2,0),0) -> CAQUEZA CUNDINAMARCA | K13: =IFERROR(VLOOKUP(J13,'Ciudad tablero'!B:C,2,0),0) -> 25151000 | L13: =IFERROR(VLOOKUP(G13,'Ciudad tablero'!A:B,2,0),0) -> BOGOTA BOGOTA D. C. | M13: =IFERROR(VLOOKUP(L13,'Ciudad tablero'!B:C,2,0),0) -> 11001000 | N13: =+A13 -> CEDI CAQUEZA
... A84: PUERTO BUENAVENTURA | B84: PUERTO BUENAVENTURA | C84: 3001 | D84: OCCIDENTE | E84: BUENAVENTURA | F84: BUENAVENTURA | G84: BUENAVENTURA | I84: PBTURA | J84: =IFERROR(VLOOKUP(F84,'Ciudad tablero'!A:B,2,0),0) -> BUENAVENTURA VALLE DEL CAUCA | K84: =IFERROR(VLOOKUP(J84,'Ciudad tablero'!B:C,2,0),0) -> 76109000 | L84: =IFERROR(VLOOKUP(G84,'Ciudad tablero'!A:B,2,0),0) -> BUENAVENTURA VALLE DEL CAUCA | M84: =IFERROR(VLOOKUP(L84,'Ciudad tablero'!B:C,2,0),0) -> 76109000 | N84: =+A84 -> PUERTO BUENAVENTURA
A85: PUERTO CONTECAR CARTAGENA | B85: PUERTO CONTECAR CARTAGENA | C85: 3002 | D85: COSTA | E85: CARTAGENA | F85: CARTAGENA | G85: CARTAGENA | I85: PCONTE | J85: =IFERROR(VLOOKUP(F85,'Ciudad tablero'!A:B,2,0),0) -> CARTAGENA BOLIVAR | K85: =IFERROR(VLOOKUP(J85,'Ciudad tablero'!B:C,2,0),0) -> 13001000 | L85: =IFERROR(VLOOKUP(G85,'Ciudad tablero'!A:B,2,0),0) -> CARTAGENA BOLIVAR | M85: =IFERROR(VLOOKUP(L85,'Ciudad tablero'!B:C,2,0),0) -> 13001000 | N85: =+A85 -> PUERTO CONTECAR CARTAGENA
A86: PUERTO DE BARRANQUILLA | B86: PUERTO DE BARRANQUILLA | C86: 3000 | D86: COSTA | E86: BARRANQUILLA | F86: BARRANQUILLA | G86: BARRANQUILLA | I86: PBQLLA | J86: =IFERROR(VLOOKUP(F86,'Ciudad tablero'!A:B,2,0),0) -> BARRANQUILLA ATLANTICO | K86: =IFERROR(VLOOKUP(J86,'Ciudad tablero'!B:C,2,0),0) -> 8001000 | L86: =IFERROR(VLOOKUP(G86,'Ciudad tablero'!A:B,2,0),0) -> BARRANQUILLA ATLANTICO | M86: =IFERROR(VLOOKUP(L86,'Ciudad tablero'!B:C,2,0),0) -> 8001000 | N86: =+A86 -> PUERTO DE BARRANQUILLA
A87: PUNTO DE INTERCAMBIO BUGA | B87: PUNTO DE INTERCAMBIO BUGA | C87: 60062 | D87: OCCIDENTE | E87: BUGA | F87: GUADALAJARA DE BUGA VALLE DEL CAUCA | G87: CALI | I87: PBUGA | J87: =IFERROR(VLOOKUP(F87,'Ciudad tablero'!A:B,2,0),0) -> GUADALAJARA DE BUGA VALLE DEL CAUCA | K87: =IFERROR(VLOOKUP(J87,'Ciudad tablero'!B:C,2,0),0) -> 76111000 | L87: =IFERROR(VLOOKUP(G87,'Ciudad tablero'!A:B,2,0),0) -> CALI VALLE DEL CAUCA | M87: =IFERROR(VLOOKUP(L87,'Ciudad tablero'!B:C,2,0),0) -> 76001000 | N87: =+A87 -> PUNTO DE INTERCAMBIO BUGA
A88: PUNTO DE INTERCAMBIO CARMEN DE BOLIVAR | B88: PUNTO DE INTERCAMBIO CARMEN DE BOLIVAR | C88: 60063 | D88: COSTA | E88: CARMEN DE BOLIVA | F88: EL CARMEN DE BOLIVAR BOLIVAR | G88: SINCELEJO | I88: PCARM | J88: =IFERROR(VLOOKUP(F88,'Ciudad tablero'!A:B,2,0),0) -> EL CARMEN DE BOLIVAR BOLIVAR | K88: =IFERROR(VLOOKUP(J88,'Ciudad tablero'!B:C,2,0),0) -> 13244000 | L88: =IFERROR(VLOOKUP(G88,'Ciudad tablero'!A:B,2,0),0) -> SINCELEJO SUCRE | M88: =IFERROR(VLOOKUP(L88,'Ciudad tablero'!B:C,2,0),0) -> 70001000 | N88: =+A88 -> PUNTO DE INTERCAMBIO CARMEN DE BOLIVAR
A89: PUNTO DE INTERCAMBIO CARTAGO | B89: PUNTO DE INTERCAMBIO CARTAGO | C89: 60064 | D89: OCCIDENTE | E89: Pereira-Eficiente destino Yumb | F89: CARTAGO | G89: PEREIRA | I89: PCTAGO | J89: =IFERROR(VLOOKUP(F89,'Ciudad tablero'!A:B,2,0),0) -> CARTAGO VALLE DEL CAUCA | K89: =IFERROR(VLOOKUP(J89,'Ciudad tablero'!B:C,2,0),0) -> 76147000 | L89: =IFERROR(VLOOKUP(G89,'Ciudad tablero'!A:B,2,0),0) -> PEREIRA RISARALDA | M89: =IFERROR(VLOOKUP(L89,'Ciudad tablero'!B:C,2,0),0) -> 66001000 | N89: =+A89 -> PUNTO DE INTERCAMBIO CARTAGO
A90: PUNTO DE INTERCAMBIO CHACHAGUI | B90: PUNTO DE INTERCAMBIO CHACHAGUI | C90: 60065 | D90: OCCIDENTE | E90: CHACHAGUI | F90: PASTO | G90: PASTO | I90: PCHACH | J90: =IFERROR(VLOOKUP(F90,'Ciudad tablero'!A:B,2,0),0) -> PASTO NARINO | K90: =IFERROR(VLOOKUP(J90,'Ciudad tablero'!B:C,2,0),0) -> 52001000 | L90: =IFERROR(VLOOKUP(G90,'Ciudad tablero'!A:B,2,0),0) -> PASTO NARINO | M90: =IFERROR(VLOOKUP(L90,'Ciudad tablero'!B:C,2,0),0) -> 52001000 | N90: =+A90 -> PUNTO DE INTERCAMBIO CHACHAGUI
A91: PUNTO DE INTERCAMBIO CHINU | B91: PUNTO DE INTERCAMBIO CHINU | C91: 60066 | D91: OCCIDENTE | E91: CHINÚ | F91: CHINU | G91: SINCELEJO | I91: PCHINU | J91: =IFERROR(VLOOKUP(F91,'Ciudad tablero'!A:B,2,0),0) -> 0 | K91: =IFERROR(VLOOKUP(J91,'Ciudad tablero'!B:C,2,0),0) -> 0 | L91: =IFERROR(VLOOKUP(G91,'Ciudad tablero'!A:B,2,0),0) -> SINCELEJO SUCRE | M91: =IFERROR(VLOOKUP(L91,'Ciudad tablero'!B:C,2,0),0) -> 70001000 | N91: =+A91 -> PUNTO DE INTERCAMBIO CHINU
A92: PUNTO DE INTERCAMBIO DOSQUEBRADAS | B92: PUNTO DE INTERCAMBIO DOSQUEBRADAS | C92: 60067 | D92: OCCIDENTE | E92: PEREIRA | F92: DOSQUEBRADAS RISARALDA | G92: PEREIRA | I92: PDOSQU | J92: =IFERROR(VLOOKUP(F92,'Ciudad tablero'!A:B,2,0),0) -> DOSQUEBRADAS RISARALDA | K92: =IFERROR(VLOOKUP(J92,'Ciudad tablero'!B:C,2,0),0) -> 66170000 | L92: =IFERROR(VLOOKUP(G92,'Ciudad tablero'!A:B,2,0),0) -> PEREIRA RISARALDA | M92: =IFERROR(VLOOKUP(L92,'Ciudad tablero'!B:C,2,0),0) -> 66001000 | N92: =+A92 -> PUNTO DE INTERCAMBIO DOSQUEBRADAS
A93: PUNTO DE INTERCAMBIO EDS EL MOLINO PIEDECUESTA | B93: PUNTO DE INTERCAMBIO EDS EL MOLINO PIEDECUESTA | C93: 60068 | D93: SANTANDER | E93: PIEDECUESTA | F93: PIEDECUESTA SANTANDER | G93: BUCARAMANGA | I93: PMOLIN | J93: =IFERROR(VLOOKUP(F93,'Ciudad tablero'!A:B,2,0),0) -> PIEDECUESTA SANTANDER | K93: =IFERROR(VLOOKUP(J93,'Ciudad tablero'!B:C,2,0),0) -> 68547000 | L93: =IFERROR(VLOOKUP(G93,'Ciudad tablero'!A:B,2,0),0) -> BUCARAMANGA SANTANDER | M93: =IFERROR(VLOOKUP(L93,'Ciudad tablero'!B:C,2,0),0) -> 68001000 | N93: =+A93 -> PUNTO DE INTERCAMBIO EDS EL MOLINO PIEDECUESTA
A94: PUNTO DE INTERCAMBIO EDS LA MULERA CUCUTA | B94: PUNTO DE INTERCAMBIO EDS LA MULERA CUCUTA | C94: 60069 | D94: SANTANDER | E94: CÚCUTA | F94: CÚCUTA | G94: CUCUTA NORTE DE SANTANDER | I94: PCUCUT | J94: =IFERROR(VLOOKUP(F94,'Ciudad tablero'!A:B,2,0),0) -> CUCUTA NORTE DE SANTANDER | K94: =IFERROR(VLOOKUP(J94,'Ciudad tablero'!B:C,2,0),0) -> 54001000 | L94: =IFERROR(VLOOKUP(G94,'Ciudad tablero'!A:B,2,0),0) -> CÚCUTA | M94: =IFERROR(VLOOKUP(L94,'Ciudad tablero'!B:C,2,0),0) -> 54001000 | N94: =+A94 -> PUNTO DE INTERCAMBIO EDS LA MULERA CUCUTA
A95: PUNTO DE INTERCAMBIO EL DESCANSO PAMPLONA | B95: PUNTO DE INTERCAMBIO EL DESCANSO PAMPLONA | C95: 60070 | D95: SANTANDER | E95: PAMPLONITA | F95: PAMPLONA NORTE DE SANTANDER | G95: CÚCUTA | I95: PPAMPL | J95: =IFERROR(VLOOKUP(F95,'Ciudad tablero'!A:B,2,0),0) -> PAMPLONA NORTE DE SANTANDER | K95: =IFERROR(VLOOKUP(J95,'Ciudad tablero'!B:C,2,0),0) -> 54518000 | L95: =IFERROR(VLOOKUP(G95,'Ciudad tablero'!A:B,2,0),0) -> CUCUTA NORTE DE SANTANDER | M95: =IFERROR(VLOOKUP(L95,'Ciudad tablero'!B:C,2,0),0) -> 54001000 | N95: =+A95 -> PUNTO DE INTERCAMBIO EL DESCANSO PAMPLONA
A96: PUNTO DE INTERCAMBIO GUALANDAY | B96: PUNTO DE INTERCAMBIO GUALANDAY | C96: 3042 | D96: CENTRO | E96: GUALANDAY | F96: GUALANDAY COELLO TOLIMA | G96: IBAGUÉ | I96: PGUAND | J96: =IFERROR(VLOOKUP(F96,'Ciudad tablero'!A:B,2,0),0) -> GUALANDAY COELLO TOLIMA | K96: =IFERROR(VLOOKUP(J96,'Ciudad tablero'!B:C,2,0),0) -> 73200001 | L96: =IFERROR(VLOOKUP(G96,'Ciudad tablero'!A:B,2,0),0) -> IBAGUE TOLIMA | M96: =IFERROR(VLOOKUP(L96,'Ciudad tablero'!B:C,2,0),0) -> 73001000 | N96: =+A96 -> PUNTO DE INTERCAMBIO GUALANDAY
A97: PUNTO DE INTERCAMBIO LA FELISA | B97: PUNTO DE INTERCAMBIO LA FELISA | C97: 60071 | D97: OCCIDENTE | E97: LA FELISA | F97: LA PINTADA ANTIOQUIA | G97: RIOSUCIO CALDAS | I97: PFELISA | J97: =IFERROR(VLOOKUP(F97,'Ciudad tablero'!A:B,2,0),0) -> LA PINTADA ANTIOQUIA | K97: =IFERROR(VLOOKUP(J97,'Ciudad tablero'!B:C,2,0),0) -> 5390000 | L97: =IFERROR(VLOOKUP(G97,'Ciudad tablero'!A:B,2,0),0) -> RIOSUCIO CALDAS | M97: =IFERROR(VLOOKUP(L97,'Ciudad tablero'!B:C,2,0),0) -> 17614000 | N97: =+A97 -> PUNTO DE INTERCAMBIO LA FELISA
A98: PUNTO DE INTERCAMBIO LA LIZAMA BARRANCABERMEJA | B98: PUNTO DE INTERCAMBIO LA LIZAMA BARRANCABERMEJA | C98: 60072 | D98: SANTANDER | E98: LA LIZAMA | F98: BARRANCABERMEJA | G98: BUCARAMANGA | I98: PLIZAMA | J98: =IFERROR(VLOOKUP(F98,'Ciudad tablero'!A:B,2,0),0) -> BARRANCABERMEJA SANTANDER | K98: =IFERROR(VLOOKUP(J98,'Ciudad tablero'!B:C,2,0),0) -> 68081000 | L98: =IFERROR(VLOOKUP(G98,'Ciudad tablero'!A:B,2,0),0) -> BUCARAMANGA SANTANDER | M98: =IFERROR(VLOOKUP(L98,'Ciudad tablero'!B:C,2,0),0) -> 68001000 | N98: =+A98 -> PUNTO DE INTERCAMBIO LA LIZAMA BARRANCABERMEJA
A99: PUNTO DE INTERCAMBIO LA PINTADA | B99: PUNTO DE INTERCAMBIO LA PINTADA | C99: 60073 | D99: OCCIDENTE | E99: LA PINTADA | F99: LA PINTADA ANTIOQUIA | G99: MEDELLÍN | I99: PPINTAD | J99: =IFERROR(VLOOKUP(F99,'Ciudad tablero'!A:B,2,0),0) -> LA PINTADA ANTIOQUIA | K99: =IFERROR(VLOOKUP(J99,'Ciudad tablero'!B:C,2,0),0) -> 5390000 | L99: =IFERROR(VLOOKUP(G99,'Ciudad tablero'!A:B,2,0),0) -> MEDELLIN ANTIOQUIA | M99: =IFERROR(VLOOKUP(L99,'Ciudad tablero'!B:C,2,0),0) -> 5001000 | N99: =+A99 -> PUNTO DE INTERCAMBIO LA PINTADA
A100: PUNTO DE INTERCAMBIO LA YE SAHAGUN | B100: PUNTO DE INTERCAMBIO LA YE SAHAGUN | C100: 60074 | D100: COSTA | E100: SAHAGÚN | F100: SAHAGUN CORDOBA | G100: SINCELEJO | I100: PSAHAG | J100: =IFERROR(VLOOKUP(F100,'Ciudad tablero'!A:B,2,0),0) -> SAHAGUN CORDOBA | K100: =IFERROR(VLOOKUP(J100,'Ciudad tablero'!B:C,2,0),0) -> 23660000 | L100: =IFERROR(VLOOKUP(G100,'Ciudad tablero'!A:B,2,0),0) -> SINCELEJO SUCRE | M100: =IFERROR(VLOOKUP(L100,'Ciudad tablero'!B:C,2,0),0) -> 70001000 | N100: =+A100 -> PUNTO DE INTERCAMBIO LA YE SAHAGUN
A101: PUNTO DE INTERCAMBIO NGB | B101: PUNTO DE INTERCAMBIO NGB | C101: 60075 | D101: OCCIDENTE | E101: CALOTO | F101: CALOTO CAUCA | G101: CALI | I101: PCALOT | J101: =IFERROR(VLOOKUP(F101,'Ciudad tablero'!A:B,2,0),0) -> CALOTO CAUCA | K101: =IFERROR(VLOOKUP(J101,'Ciudad tablero'!B:C,2,0),0) -> 19142000 | L101: =IFERROR(VLOOKUP(G101,'Ciudad tablero'!A:B,2,0),0) -> CALI VALLE DEL CAUCA | M101: =IFERROR(VLOOKUP(L101,'Ciudad tablero'!B:C,2,0),0) -> 76001000 | N101: =+A101 -> PUNTO DE INTERCAMBIO NGB
A102: PUNTO DE INTERCAMBIO PADUA | B102: PUNTO DE INTERCAMBIO PADUA | C102: 60076 | D102: CENTRO | E102: PADUA | F102: MARIQUITA TOLIMA | G102: IBAGUÉ | I102: PPADUA | J102: =IFERROR(VLOOKUP(F102,'Ciudad tablero'!A:B,2,0),0) -> MARIQUITA TOLIMA | K102: =IFERROR(VLOOKUP(J102,'Ciudad tablero'!B:C,2,0),0) -> 73443000 | L102: =IFERROR(VLOOKUP(G102,'Ciudad tablero'!A:B,2,0),0) -> IBAGUE TOLIMA | M102: =IFERROR(VLOOKUP(L102,'Ciudad tablero'!B:C,2,0),0) -> 73001000 | N102: =+A102 -> PUNTO DE INTERCAMBIO PADUA
A103: PUNTO DE INTERCAMBIO PIEDECUESTA | B103: PUNTO DE INTERCAMBIO PIEDECUESTA | C103: 60077 | D103: SANTANDER | E103: PIEDECUESTA | F103: PIEDECUESTA SANTANDER | G103: BUCARAMANGA | I103: PPCUES | J103: =IFERROR(VLOOKUP(F103,'Ciudad tablero'!A:B,2,0),0) -> PIEDECUESTA SANTANDER | K103: =IFERROR(VLOOKUP(J103,'Ciudad tablero'!B:C,2,0),0) -> 68547000 | L103: =IFERROR(VLOOKUP(G103,'Ciudad tablero'!A:B,2,0),0) -> BUCARAMANGA SANTANDER | M103: =IFERROR(VLOOKUP(L103,'Ciudad tablero'!B:C,2,0),0) -> 68001000 | N103: =+A103 -> PUNTO DE INTERCAMBIO PIEDECUESTA
A104: PUNTO DE INTERCAMBIO PUERTO LIBRE | B104: PUNTO DE INTERCAMBIO PUERTO LIBRE | C104: 10214 | D104: ANTIOQUIA | E104: PUERTO LIBRE | F104: PUERTO LIBRE | G104: LA DORADA | I104: PPLIBR | J104: =IFERROR(VLOOKUP(F104,'Ciudad tablero'!A:B,2,0),0) -> 0 | K104: =IFERROR(VLOOKUP(J104,'Ciudad tablero'!B:C,2,0),0) -> 0 | L104: =IFERROR(VLOOKUP(G104,'Ciudad tablero'!A:B,2,0),0) -> LA DORADA CALDAS | M104: =IFERROR(VLOOKUP(L104,'Ciudad tablero'!B:C,2,0),0) -> 17380000 | N104: =+A104 -> PUNTO DE INTERCAMBIO PUERTO LIBRE
A105: PUNTO DE INTERCAMBIO PUERTO TRIUNFO | B105: PUNTO DE INTERCAMBIO PUERTO TRIUNFO | C105: 60079 | D105: ANTIOQUIA | E105: PUERTO TRIUNFO | F105: PUERTO TRIUNFO ANTIOQUIA | G105: LA DORADA | I105: PPTRIU | J105: =IFERROR(VLOOKUP(F105,'Ciudad tablero'!A:B,2,0),0) -> PUERTO TRIUNFO ANTIOQUIA | K105: =IFERROR(VLOOKUP(J105,'Ciudad tablero'!B:C,2,0),0) -> 5591000 | L105: =IFERROR(VLOOKUP(G105,'Ciudad tablero'!A:B,2,0),0) -> LA DORADA CALDAS | M105: =IFERROR(VLOOKUP(L105,'Ciudad tablero'!B:C,2,0),0) -> 17380000 | N105: =+A105 -> PUNTO DE INTERCAMBIO PUERTO TRIUNFO
A106: PUNTO DE INTERCAMBIO RICAURTE | B106: PUNTO DE INTERCAMBIO RICAURTE | C106: 60080 | D106: CENTRO | E106: RICAURTE | F106: RICAURTE CUNDINAMARCA | G106: IBAGUÉ | I106: PRICAU | J106: =IFERROR(VLOOKUP(F106,'Ciudad tablero'!A:B,2,0),0) -> RICAURTE CUNDINAMARCA | K106: =IFERROR(VLOOKUP(J106,'Ciudad tablero'!B:C,2,0),0) -> 25612000 | L106: =IFERROR(VLOOKUP(G106,'Ciudad tablero'!A:B,2,0),0) -> IBAGUE TOLIMA | M106: =IFERROR(VLOOKUP(L106,'Ciudad tablero'!B:C,2,0),0) -> 73001000 | N106: =+A106 -> PUNTO DE INTERCAMBIO RICAURTE
A107: PUNTO DE INTERCAMBIO RIOSUCIO | B107: PUNTO DE INTERCAMBIO RIOSUCIO | C107: 60081 | D107: CENTRO | E107: RIOSUCIO | F107: RIOSUCIO CALDAS | G107: MANIZALES CALDAS | I107: PRIOSU | J107: =IFERROR(VLOOKUP(F107,'Ciudad tablero'!A:B,2,0),0) -> RIOSUCIO CALDAS | K107: =IFERROR(VLOOKUP(J107,'Ciudad tablero'!B:C,2,0),0) -> 17614000 | L107: =IFERROR(VLOOKUP(G107,'Ciudad tablero'!A:B,2,0),0) -> MANIZALES | M107: =IFERROR(VLOOKUP(L107,'Ciudad tablero'!B:C,2,0),0) -> 17001000 | N107: =+A107 -> PUNTO DE INTERCAMBIO RIOSUCIO
A108: PUNTO DE INTERCAMBIO SAMPUES | B108: PUNTO DE INTERCAMBIO SAMPUES | C108: 60082 | D108: COSTA | E108: SAMPUES | F108: SAMPUES SUCRE | G108: SINCELEJO | I108: PSAMPU | J108: =IFERROR(VLOOKUP(F108,'Ciudad tablero'!A:B,2,0),0) -> SAMPUES SUCRE | K108: =IFERROR(VLOOKUP(J108,'Ciudad tablero'!B:C,2,0),0) -> 70670000 | L108: =IFERROR(VLOOKUP(G108,'Ciudad tablero'!A:B,2,0),0) -> SINCELEJO SUCRE | M108: =IFERROR(VLOOKUP(L108,'Ciudad tablero'!B:C,2,0),0) -> 70001000 | N108: =+A108 -> PUNTO DE INTERCAMBIO SAMPUES
A109: PUNTO DE INTERCAMBIO SANTA MARTA | B109: PUNTO DE INTERCAMBIO SANTA MARTA | C109: 60083 | D109: COSTA | E109: SANTA MARTA | F109: SANTA MARTA | G109: SANTA MARTA | I109: PSTAMRT | J109: =IFERROR(VLOOKUP(F109,'Ciudad tablero'!A:B,2,0),0) -> SANTA MARTA MAGDALENA | K109: =IFERROR(VLOOKUP(J109,'Ciudad tablero'!B:C,2,0),0) -> 47001000 | L109: =IFERROR(VLOOKUP(G109,'Ciudad tablero'!A:B,2,0),0) -> SANTA MARTA MAGDALENA | M109: =IFERROR(VLOOKUP(L109,'Ciudad tablero'!B:C,2,0),0) -> 47001000 | N109: =+A109 -> PUNTO DE INTERCAMBIO SANTA MARTA
A110: PUNTO DE INTERCAMBIO SANTANA | B110: PUNTO DE INTERCAMBIO SANTANA | C110: 60084 | D110: SANTANDER | E110: SANTANA | F110: BARBOSA SANTANDER | G110: SAN GIL SANTANDER | I110: PSTANA | J110: =IFERROR(VLOOKUP(F110,'Ciudad tablero'!A:B,2,0),0) -> BARBOSA SANTANDER | K110: =IFERROR(VLOOKUP(J110,'Ciudad tablero'!B:C,2,0),0) -> 68077000 | L110: =IFERROR(VLOOKUP(G110,'Ciudad tablero'!A:B,2,0),0) -> SAN GIL SANTANDER | M110: =IFERROR(VLOOKUP(L110,'Ciudad tablero'!B:C,2,0),0) -> 68679000 | N110: =+A110 -> PUNTO DE INTERCAMBIO SANTANA
... A154: RIOHACHA | B154: RIOHACHA | C154: 60032 | D154: COSTA | E154: RIOHACHA | F154: RIOHACHA | G154: SANTA MARTA | I154: KRIOHA | J154: =IFERROR(VLOOKUP(F154,'Ciudad tablero'!A:B,2,0),0) -> RIOHACHA LA GUAJIRA | K154: =IFERROR(VLOOKUP(J154,'Ciudad tablero'!B:C,2,0),0) -> 44001000 | L154: =IFERROR(VLOOKUP(G154,'Ciudad tablero'!A:B,2,0),0) -> SANTA MARTA MAGDALENA | M154: =IFERROR(VLOOKUP(L154,'Ciudad tablero'!B:C,2,0),0) -> 47001000 | N154: =+A154 -> RIOHACHA
A155: SAN ANDRES | B155: SAN ANDRES | C155: 60033 | D155: COSTA | E155: SAN ANDRES | G155: CARTAGENA | I155: KSANAN | J155: =IFERROR(VLOOKUP(F155,'Ciudad tablero'!A:B,2,0),0) -> 0 | K155: =IFERROR(VLOOKUP(J155,'Ciudad tablero'!B:C,2,0),0) -> 0 | L155: =IFERROR(VLOOKUP(G155,'Ciudad tablero'!A:B,2,0),0) -> CARTAGENA BOLIVAR | M155: =IFERROR(VLOOKUP(L155,'Ciudad tablero'!B:C,2,0),0) -> 13001000 | N155: =+A155 -> SAN ANDRES
A156: SAN GIL | B156: SAN GIL | C156: 60034 | D156: SANTANDER | E156: SAN GIL | F156: SAN GIL SANTANDER | G156: BUCARAMANGA | I156: KSANGI | J156: =IFERROR(VLOOKUP(F156,'Ciudad tablero'!A:B,2,0),0) -> SAN GIL SANTANDER | K156: =IFERROR(VLOOKUP(J156,'Ciudad tablero'!B:C,2,0),0) -> 68679000 | L156: =IFERROR(VLOOKUP(G156,'Ciudad tablero'!A:B,2,0),0) -> BUCARAMANGA SANTANDER | M156: =IFERROR(VLOOKUP(L156,'Ciudad tablero'!B:C,2,0),0) -> 68001000 | N156: =+A156 -> SAN GIL
A157: SARAVENA | B157: SARAVENA | C157: 10222 | D157: SANTANDER | E157: SARAVENA | F157: SARAVENA ARAUCA | G157: ARAUCA ARAUCA | I157: KSARAV | J157: =IFERROR(VLOOKUP(F157,'Ciudad tablero'!A:B,2,0),0) -> SARAVENA ARAUCA | K157: =IFERROR(VLOOKUP(J157,'Ciudad tablero'!B:C,2,0),0) -> 81736000 | L157: =IFERROR(VLOOKUP(G157,'Ciudad tablero'!A:B,2,0),0) -> ARAUCA ARAUCA | M157: =IFERROR(VLOOKUP(L157,'Ciudad tablero'!B:C,2,0),0) -> 81001000 | N157: =+A157 -> SARAVENA
A158: TURBACO | B158: TURBACO | C158: 60036 | D158: COSTA | E158: TURBACO | F158: TURBACO BOLIVAR | G158: CARTAGENA | I158: KTURBA | J158: =IFERROR(VLOOKUP(F158,'Ciudad tablero'!A:B,2,0),0) -> TURBACO BOLIVAR | K158: =IFERROR(VLOOKUP(J158,'Ciudad tablero'!B:C,2,0),0) -> 13836000 | L158: =IFERROR(VLOOKUP(G158,'Ciudad tablero'!A:B,2,0),0) -> CARTAGENA BOLIVAR | M158: =IFERROR(VLOOKUP(L158,'Ciudad tablero'!B:C,2,0),0) -> 13001000 | N158: =+A158 -> TURBACO
A159: MAGANGUE | B159: MAGANGUE | C159: 60037 | D159: COSTA | E159: MAGANGUÉ | F159: MAGANGUÉ | G159: SINCELEJO | I159: KMAGAN | J159: =IFERROR(VLOOKUP(F159,'Ciudad tablero'!A:B,2,0),0) -> MAGANGUE BOLIVAR | K159: =IFERROR(VLOOKUP(J159,'Ciudad tablero'!B:C,2,0),0) -> 13430000 | L159: =IFERROR(VLOOKUP(G159,'Ciudad tablero'!A:B,2,0),0) -> SINCELEJO SUCRE | M159: =IFERROR(VLOOKUP(L159,'Ciudad tablero'!B:C,2,0),0) -> 70001000 | N159: =+A159 -> MAGANGUE
A160: MARIQUITA | B160: MARIQUITA | C160: 60038 | D160: CENTRO | E160: MARIQUITA | F160: MARIQUITA TOLIMA | G160: IBAGUÉ | I160: KMARIQ | J160: =IFERROR(VLOOKUP(F160,'Ciudad tablero'!A:B,2,0),0) -> MARIQUITA TOLIMA | K160: =IFERROR(VLOOKUP(J160,'Ciudad tablero'!B:C,2,0),0) -> 73443000 | L160: =IFERROR(VLOOKUP(G160,'Ciudad tablero'!A:B,2,0),0) -> IBAGUE TOLIMA | M160: =IFERROR(VLOOKUP(L160,'Ciudad tablero'!B:C,2,0),0) -> 73001000 | N160: =+A160 -> MARIQUITA
A161: MEDELLIN | B161: MEDELLIN | C161: 60039 | D161: ANTIOQUIA | E161: MEDELLÍN | F161: MEDELLÍN | G161: MEDELLÍN | I161: KMEDEL | J161: =IFERROR(VLOOKUP(F161,'Ciudad tablero'!A:B,2,0),0) -> MEDELLIN ANTIOQUIA | K161: =IFERROR(VLOOKUP(J161,'Ciudad tablero'!B:C,2,0),0) -> 5001000 | L161: =IFERROR(VLOOKUP(G161,'Ciudad tablero'!A:B,2,0),0) -> MEDELLIN ANTIOQUIA | M161: =IFERROR(VLOOKUP(L161,'Ciudad tablero'!B:C,2,0),0) -> 5001000 | N161: =+A161 -> MEDELLIN
A162: MONTERIA | B162: MONTERIA | C162: 60040 | D162: COSTA | E162: MONTERÍA | F162: MONTERÍA | G162: MONTERIA CORDOBA | I162: KMONTE | J162: =IFERROR(VLOOKUP(F162,'Ciudad tablero'!A:B,2,0),0) -> MONTERIA CORDOBA | K162: =IFERROR(VLOOKUP(J162,'Ciudad tablero'!B:C,2,0),0) -> 23001000 | L162: =IFERROR(VLOOKUP(G162,'Ciudad tablero'!A:B,2,0),0) -> MONTERÍA | M162: =IFERROR(VLOOKUP(L162,'Ciudad tablero'!B:C,2,0),0) -> 23001000 | N162: =+A162 -> MONTERIA
A163: PEREIRA | B163: PEREIRA | C163: 60041 | D163: OCCIDENTE | E163: PEREIRA | F163: PEREIRA | G163: PEREIRA | I163: KPEREI | J163: =IFERROR(VLOOKUP(F163,'Ciudad tablero'!A:B,2,0),0) -> PEREIRA RISARALDA | K163: =IFERROR(VLOOKUP(J163,'Ciudad tablero'!B:C,2,0),0) -> 66001000 | L163: =IFERROR(VLOOKUP(G163,'Ciudad tablero'!A:B,2,0),0) -> PEREIRA RISARALDA | M163: =IFERROR(VLOOKUP(L163,'Ciudad tablero'!B:C,2,0),0) -> 66001000 | N163: =+A163 -> PEREIRA
A164: SIBERIA | B164: SIBERIA | C164: 60042 | D164: CENTRO | E164: BOGOTÁ | F164: SIBERIA COTA CUNDINAMARCA | G164: BOGOTA | I164: KSIBER | J164: =IFERROR(VLOOKUP(F164,'Ciudad tablero'!A:B,2,0),0) -> SIBERIA COTA CUNDINAMARCA | K164: =IFERROR(VLOOKUP(J164,'Ciudad tablero'!B:C,2,0),0) -> 25214008 | L164: =IFERROR(VLOOKUP(G164,'Ciudad tablero'!A:B,2,0),0) -> BOGOTA BOGOTA D. C. | M164: =IFERROR(VLOOKUP(L164,'Ciudad tablero'!B:C,2,0),0) -> 11001000 | N164: =+A164 -> SIBERIA
A165: YUMBO | B165: YUMBO | C165: 60043 | D165: OCCIDENTE | E165: CALI | F165: ARROYOHONDO YUMBO VALLE DEL CAUCA | G165: CALI | I165: KYUMBO | J165: =IFERROR(VLOOKUP(F165,'Ciudad tablero'!A:B,2,0),0) -> ARROYOHONDO YUMBO VALLE DEL CAUCA | K165: =IFERROR(VLOOKUP(J165,'Ciudad tablero'!B:C,2,0),0) -> 76892017 | L165: =IFERROR(VLOOKUP(G165,'Ciudad tablero'!A:B,2,0),0) -> CALI VALLE DEL CAUCA | M165: =IFERROR(VLOOKUP(L165,'Ciudad tablero'!B:C,2,0),0) -> 76001000 | N165: =+A165 -> YUMBO
A166: CHIA | B166: CHIA | C166: 60044 | D166: CENTRO | E166: CHIA | F166: CHIA | G166: BOGOTA | I166: KCHIA | J166: =IFERROR(VLOOKUP(F166,'Ciudad tablero'!A:B,2,0),0) -> CHIA CUNDINAMARCA | K166: =IFERROR(VLOOKUP(J166,'Ciudad tablero'!B:C,2,0),0) -> 25175000 | L166: =IFERROR(VLOOKUP(G166,'Ciudad tablero'!A:B,2,0),0) -> BOGOTA BOGOTA D. C. | M166: =IFERROR(VLOOKUP(L166,'Ciudad tablero'!B:C,2,0),0) -> 11001000 | N166: =+A166 -> CHIA
A167: CIENAGA MAGDALENA | B167: CIENAGA MAGDALENA | C167: 60045 | D167: COSTA | E167: CIENAGA | F167: CIENAGA MAGDALENA | G167: SANTA MARTA | I167: KCIEN | J167: =IFERROR(VLOOKUP(F167,'Ciudad tablero'!A:B,2,0),0) -> CIENAGA MAGDALENA | K167: =IFERROR(VLOOKUP(J167,'Ciudad tablero'!B:C,2,0),0) -> 47189000 | L167: =IFERROR(VLOOKUP(G167,'Ciudad tablero'!A:B,2,0),0) -> SANTA MARTA MAGDALENA | M167: =IFERROR(VLOOKUP(L167,'Ciudad tablero'!B:C,2,0),0) -> 47001000 | N167: =+A167 -> CIENAGA MAGDALENA
... A184: COTA | B184: COTA | C184: 10217 | D184: CENTRO | E184: BOGOTÁ | F184: COTA CUNDINAMARCA | G184: BOGOTA | I184: KCOTA | J184: =IFERROR(VLOOKUP(F184,'Ciudad tablero'!A:B,2,0),0) -> COTA CUNDINAMARCA | K184: =IFERROR(VLOOKUP(J184,'Ciudad tablero'!B:C,2,0),0) -> 25214000 | L184: =IFERROR(VLOOKUP(G184,'Ciudad tablero'!A:B,2,0),0) -> BOGOTA BOGOTA D. C. | M184: =IFERROR(VLOOKUP(L184,'Ciudad tablero'!B:C,2,0),0) -> 11001000 | N184: =+A184 -> COTA
A185: JERONIMO | B185: JERONIMO | C185: 60088 | D185: NA | E185: NA | I185: JERONI | J185: =IFERROR(VLOOKUP(F185,'Ciudad tablero'!A:B,2,0),0) -> 0 | K185: =IFERROR(VLOOKUP(J185,'Ciudad tablero'!B:C,2,0),0) -> 0 | L185: =IFERROR(VLOOKUP(G185,'Ciudad tablero'!A:B,2,0),0) -> 0 | M185: =IFERROR(VLOOKUP(L185,'Ciudad tablero'!B:C,2,0),0) -> 0 | N185: =+A185 -> JERONIMO
A186: MOSQUERA | B186: MOSQUERA | C186: 10216 | D186: CENTRO | E186: MOSQUERA | F186: MOSQUERA | G186: BOGOTA | I186: KMOSQ | J186: =IFERROR(VLOOKUP(F186,'Ciudad tablero'!A:B,2,0),0) -> MOSQUERA CUNDINAMARCA | K186: =IFERROR(VLOOKUP(J186,'Ciudad tablero'!B:C,2,0),0) -> 25473000 | L186: =IFERROR(VLOOKUP(G186,'Ciudad tablero'!A:B,2,0),0) -> BOGOTA BOGOTA D. C. | M186: =IFERROR(VLOOKUP(L186,'Ciudad tablero'!B:C,2,0),0) -> 11001000 | N186: =+A186 -> MOSQUERA
A187: GUARNE | B187: GUARNE | C187: 10211 | D187: ANTIOQUIA | E187: RIONEGRO | F187: GUARNE ANTIOQUIA | G187: MEDELLÍN | I187: KGUAR | J187: =IFERROR(VLOOKUP(F187,'Ciudad tablero'!A:B,2,0),0) -> GUARNE ANTIOQUIA | K187: =IFERROR(VLOOKUP(J187,'Ciudad tablero'!B:C,2,0),0) -> 5318000 | L187: =IFERROR(VLOOKUP(G187,'Ciudad tablero'!A:B,2,0),0) -> MEDELLIN ANTIOQUIA | M187: =IFERROR(VLOOKUP(L187,'Ciudad tablero'!B:C,2,0),0) -> 5001000 | N187: =+A187 -> GUARNE
A188: RECREO | B188: RECREO | C188: 3039 | D188: CENTRO | E188: ZIPAQUIRÁ | F188: ZIPAQUIRA CUNDINAMARCA | G188: BOGOTA | I188: RECREO | J188: =IFERROR(VLOOKUP(F188,'Ciudad tablero'!A:B,2,0),0) -> ZIPAQUIRA CUNDINAMARCA | K188: =IFERROR(VLOOKUP(J188,'Ciudad tablero'!B:C,2,0),0) -> 25899000 | L188: =IFERROR(VLOOKUP(G188,'Ciudad tablero'!A:B,2,0),0) -> BOGOTA BOGOTA D. C. | M188: =IFERROR(VLOOKUP(L188,'Ciudad tablero'!B:C,2,0),0) -> 11001000 | N188: =+A188 -> RECREO
A189: ARACATACA | B189: ARACATACA | C189: 60094 | D189: COSTA | E189: ARACATACA | F189: ARACATACA MAGDALENA | G189: SANTA MARTA | I189: KARAC | J189: =IFERROR(VLOOKUP(F189,'Ciudad tablero'!A:B,2,0),0) -> ARACATACA MAGDALENA | K189: =IFERROR(VLOOKUP(J189,'Ciudad tablero'!B:C,2,0),0) -> 47053000 | L189: =IFERROR(VLOOKUP(G189,'Ciudad tablero'!A:B,2,0),0) -> SANTA MARTA MAGDALENA | M189: =IFERROR(VLOOKUP(L189,'Ciudad tablero'!B:C,2,0),0) -> 47001000 | N189: =+A189 -> ARACATACA
A190: TOCANCIPÁ | B190: TOCANCIPÁ | C190: 2058 | D190: CENTRO | E190: TOCANCIPÁ | F190: TOCANCIPA | G190: BOGOTA | I190: TOCAN | J190: =IFERROR(VLOOKUP(F190,'Ciudad tablero'!A:B,2,0),0) -> TOCANCIPA CUNDINAMARCA | K190: =IFERROR(VLOOKUP(J190,'Ciudad tablero'!B:C,2,0),0) -> 25817000 | L190: =IFERROR(VLOOKUP(G190,'Ciudad tablero'!A:B,2,0),0) -> BOGOTA BOGOTA D. C. | M190: =IFERROR(VLOOKUP(L190,'Ciudad tablero'!B:C,2,0),0) -> 11001000 | N190: =+A190 -> TOCANCIPÁ
A191: ARTESANOS MEDELLÍN | B191: ARTESANOS MEDELLÍN | C191: 3051 | D191: ANTIOQUIA | E191: MEDELLÍN | F191: MEDELLÍN | G191: MEDELLÍN | I191: ARTMED | J191: =IFERROR(VLOOKUP(F191,'Ciudad tablero'!A:B,2,0),0) -> MEDELLIN ANTIOQUIA | K191: =IFERROR(VLOOKUP(J191,'Ciudad tablero'!B:C,2,0),0) -> 5001000 | L191: =IFERROR(VLOOKUP(G191,'Ciudad tablero'!A:B,2,0),0) -> MEDELLIN ANTIOQUIA | M191: =IFERROR(VLOOKUP(L191,'Ciudad tablero'!B:C,2,0),0) -> 5001000 | N191: =+A191 -> ARTESANOS MEDELLÍN
A192: CALDAS | B192: CALDAS | C192: 60097 | D192: ANTIOQUIA | E192: MEDELLÍN | F192: CALDAS ANTIOQUIA | G192: MEDELLÍN | I192: KCALD | J192: =IFERROR(VLOOKUP(F192,'Ciudad tablero'!A:B,2,0),0) -> CALDAS ANTIOQUIA | K192: =IFERROR(VLOOKUP(J192,'Ciudad tablero'!B:C,2,0),0) -> 5129000 | L192: =IFERROR(VLOOKUP(G192,'Ciudad tablero'!A:B,2,0),0) -> MEDELLIN ANTIOQUIA | M192: =IFERROR(VLOOKUP(L192,'Ciudad tablero'!B:C,2,0),0) -> 5001000 | N192: =+A192 -> CALDAS
A193: ENKA DE COLOMBIA | B193: ENKA DE COLOMBIA | C193: 3038 | D193: ANTIOQUIA | E193: MEDELLÍN | F193: GIRARDOTA ANTIOQUIA | G193: MEDELLÍN | I193: ENKA | J193: =IFERROR(VLOOKUP(F193,'Ciudad tablero'!A:B,2,0),0) -> GIRARDOTA ANTIOQUIA | K193: =IFERROR(VLOOKUP(J193,'Ciudad tablero'!B:C,2,0),0) -> 5308000 | L193: =IFERROR(VLOOKUP(G193,'Ciudad tablero'!A:B,2,0),0) -> MEDELLIN ANTIOQUIA | M193: =IFERROR(VLOOKUP(L193,'Ciudad tablero'!B:C,2,0),0) -> 5001000 | N193: =+A193 -> ENKA DE COLOMBIA
A194: VEOLIA | B194: VEOLIA | C194: 10228 | D194: CENTRO | E194: BOGOTÁ | F194: BOGOTA | G194: BOGOTA | I194: VEOLIA | J194: =IFERROR(VLOOKUP(F194,'Ciudad tablero'!A:B,2,0),0) -> BOGOTA BOGOTA D. C. | K194: =IFERROR(VLOOKUP(J194,'Ciudad tablero'!B:C,2,0),0) -> 11001000 | L194: =IFERROR(VLOOKUP(G194,'Ciudad tablero'!A:B,2,0),0) -> BOGOTA BOGOTA D. C. | M194: =IFERROR(VLOOKUP(L194,'Ciudad tablero'!B:C,2,0),0) -> 11001000 | N194: =+A194 -> VEOLIA
A195: OXIGENO | B195: OXIGENO | C195: 10227 | D195: ANTIOQUIA | E195: MEDELLÍN | F195: MEDELLÍN | G195: MEDELLÍN | I195: OXIGENO | J195: =IFERROR(VLOOKUP(F195,'Ciudad tablero'!A:B,2,0),0) -> MEDELLIN ANTIOQUIA | K195: =IFERROR(VLOOKUP(J195,'Ciudad tablero'!B:C,2,0),0) -> 5001000 | L195: =IFERROR(VLOOKUP(G195,'Ciudad tablero'!A:B,2,0),0) -> MEDELLIN ANTIOQUIA | M195: =IFERROR(VLOOKUP(L195,'Ciudad tablero'!B:C,2,0),0) -> 5001000 | N195: =+A195 -> OXIGENO
A196: METAL | B196: METAL | C196: 10229 | D196: CENTRO | E196: BOGOTÁ | F196: BOGOTA | G196: BOGOTA | I196: METAL | J196: =IFERROR(VLOOKUP(F196,'Ciudad tablero'!A:B,2,0),0) -> BOGOTA BOGOTA D. C. | K196: =IFERROR(VLOOKUP(J196,'Ciudad tablero'!B:C,2,0),0) -> 11001000 | L196: =IFERROR(VLOOKUP(G196,'Ciudad tablero'!A:B,2,0),0) -> BOGOTA BOGOTA D. C. | M196: =IFERROR(VLOOKUP(L196,'Ciudad tablero'!B:C,2,0),0) -> 11001000 | N196: =+A196 -> METAL
A197: CIENAGAORO CORDOBA | B197: CIENAGAORO | C197: 60104 | D197: COSTA | E197: CIENAGA DE ORO | F197: CIENAGA DE ORO CORDOBA | G197: MONTERÍA | I197: CIENAG | J197: =IFERROR(VLOOKUP(F197,'Ciudad tablero'!A:B,2,0),0) -> CIENAGA DE ORO CORDOBA | K197: =IFERROR(VLOOKUP(J197,'Ciudad tablero'!B:C,2,0),0) -> 23189000 | L197: =IFERROR(VLOOKUP(G197,'Ciudad tablero'!A:B,2,0),0) -> MONTERIA CORDOBA | M197: =IFERROR(VLOOKUP(L197,'Ciudad tablero'!B:C,2,0),0) -> 23001000 | N197: =+A197 -> CIENAGAORO CORDOBA
... A224: GUTAPE | B224: GUTAPE | C224: 60133 | D224: ANTIOQUIA | E224: RIONEGRO | F224: GUATAPE ANTIOQUIA | G224: MEDELLÍN | I224: KGUAT | J224: =IFERROR(VLOOKUP(F224,'Ciudad tablero'!A:B,2,0),0) -> GUATAPE ANTIOQUIA | K224: =IFERROR(VLOOKUP(J224,'Ciudad tablero'!B:C,2,0),0) -> 5321000 | L224: =IFERROR(VLOOKUP(G224,'Ciudad tablero'!A:B,2,0),0) -> MEDELLIN ANTIOQUIA | M224: =IFERROR(VLOOKUP(L224,'Ciudad tablero'!B:C,2,0),0) -> 5001000 | N224: =+A224 -> GUTAPE
A225: ENTRERIOS | B225: ENTRERIOS | C225: 60134 | D225: ANTIOQUIA | E225: ENTRERIOS | F225: ENTRERRIOS ANTIOQUIA | G225: MEDELLÍN | I225: KENTRIO | J225: =IFERROR(VLOOKUP(F225,'Ciudad tablero'!A:B,2,0),0) -> ENTRERRIOS ANTIOQUIA | K225: =IFERROR(VLOOKUP(J225,'Ciudad tablero'!B:C,2,0),0) -> 5264000 | L225: =IFERROR(VLOOKUP(G225,'Ciudad tablero'!A:B,2,0),0) -> MEDELLIN ANTIOQUIA | M225: =IFERROR(VLOOKUP(L225,'Ciudad tablero'!B:C,2,0),0) -> 5001000 | N225: =+A225 -> ENTRERIOS
A226: CARAMANTA | B226: CARAMANTA | C226: 60135 | D226: ANTIOQUIA | E226: CARAMANTA | F226: LA PINTADA ANTIOQUIA | G226: RIOSUCIO CALDAS | I226: CARAMA | J226: =IFERROR(VLOOKUP(F226,'Ciudad tablero'!A:B,2,0),0) -> LA PINTADA ANTIOQUIA | K226: =IFERROR(VLOOKUP(J226,'Ciudad tablero'!B:C,2,0),0) -> 5390000 | L226: =IFERROR(VLOOKUP(G226,'Ciudad tablero'!A:B,2,0),0) -> RIOSUCIO CALDAS | M226: =IFERROR(VLOOKUP(L226,'Ciudad tablero'!B:C,2,0),0) -> 17614000 | N226: =+A226 -> CARAMANTA
A227: INDURES | B227: INDURES | C227: 60136 | D227: ANTIOQUIA | E227: MEDELLÍN | F227: MEDELLÍN | G227: MEDELLÍN | I227: KINDURE | J227: =IFERROR(VLOOKUP(F227,'Ciudad tablero'!A:B,2,0),0) -> MEDELLIN ANTIOQUIA | K227: =IFERROR(VLOOKUP(J227,'Ciudad tablero'!B:C,2,0),0) -> 5001000 | L227: =IFERROR(VLOOKUP(G227,'Ciudad tablero'!A:B,2,0),0) -> MEDELLIN ANTIOQUIA | M227: =IFERROR(VLOOKUP(L227,'Ciudad tablero'!B:C,2,0),0) -> 5001000 | N227: =+A227 -> INDURES
A228: BODEGA PUMA | B228: BODEGA PUMA | C228: 60137 | D228: COSTA | E228: MALAMBO | F228: MALAMBO ATLANTICO | G228: BARRANQUILLA | I228: KBODPUM | J228: =IFERROR(VLOOKUP(F228,'Ciudad tablero'!A:B,2,0),0) -> MALAMBO ATLANTICO | K228: =IFERROR(VLOOKUP(J228,'Ciudad tablero'!B:C,2,0),0) -> 8433000 | L228: =IFERROR(VLOOKUP(G228,'Ciudad tablero'!A:B,2,0),0) -> BARRANQUILLA ATLANTICO | M228: =IFERROR(VLOOKUP(L228,'Ciudad tablero'!B:C,2,0),0) -> 8001000 | N228: =+A228 -> BODEGA PUMA
A229: SAR MARTIN | B229: SAR MARTIN | C229: 60138 | D229: NA | E229: NA | I229: SARMAR | J229: =IFERROR(VLOOKUP(F229,'Ciudad tablero'!A:B,2,0),0) -> 0 | K229: =IFERROR(VLOOKUP(J229,'Ciudad tablero'!B:C,2,0),0) -> 0 | L229: =IFERROR(VLOOKUP(G229,'Ciudad tablero'!A:B,2,0),0) -> 0 | M229: =IFERROR(VLOOKUP(L229,'Ciudad tablero'!B:C,2,0),0) -> 0 | N229: =+A229 -> SAR MARTIN
A230: TURBO | B230: TURBO | C230: 60139 | D230: ANTIOQUIA | E230: CHIGORODÓ | F230: TURBO ANTIOQUIA | G230: APARTADO ANTIOQUIA | I230: KTURB | J230: =IFERROR(VLOOKUP(F230,'Ciudad tablero'!A:B,2,0),0) -> TURBO ANTIOQUIA | K230: =IFERROR(VLOOKUP(J230,'Ciudad tablero'!B:C,2,0),0) -> 5837000 | L230: =IFERROR(VLOOKUP(G230,'Ciudad tablero'!A:B,2,0),0) -> APARTADO ANTIOQUIA | M230: =IFERROR(VLOOKUP(L230,'Ciudad tablero'!B:C,2,0),0) -> 5045000 | N230: =+A230 -> TURBO
A231: VALDIVIA | B231: VALDIVIA | C231: 60140 | D231: ANTIOQUIA | E231: MEDELLÍN | F231: MEDELLÍN | G231: MEDELLÍN | I231: KVALDIV | J231: =IFERROR(VLOOKUP(F231,'Ciudad tablero'!A:B,2,0),0) -> MEDELLIN ANTIOQUIA | K231: =IFERROR(VLOOKUP(J231,'Ciudad tablero'!B:C,2,0),0) -> 5001000 | L231: =IFERROR(VLOOKUP(G231,'Ciudad tablero'!A:B,2,0),0) -> MEDELLIN ANTIOQUIA | M231: =IFERROR(VLOOKUP(L231,'Ciudad tablero'!B:C,2,0),0) -> 5001000 | N231: =+A231 -> VALDIVIA
A232: AIRGAS MEDELLIN | B232: AIRGAS MEDELLIN | C232: 60100 | D232: ANTIOQUIA | E232: MEDELLÍN | F232: MEDELLÍN | G232: MEDELLÍN | I232: AIRGAM | J232: =IFERROR(VLOOKUP(F232,'Ciudad tablero'!A:B,2,0),0) -> MEDELLIN ANTIOQUIA | K232: =IFERROR(VLOOKUP(J232,'Ciudad tablero'!B:C,2,0),0) -> 5001000 | L232: =IFERROR(VLOOKUP(G232,'Ciudad tablero'!A:B,2,0),0) -> MEDELLIN ANTIOQUIA | M232: =IFERROR(VLOOKUP(L232,'Ciudad tablero'!B:C,2,0),0) -> 5001000 | N232: =+A232 -> AIRGAS MEDELLIN
A233: ARMENIA | B233: ARMENIA | C233: 60142 | D233: OCCIDENTE | E233: ARMENIA | F233: ARMENIA | G233: PEREIRA | I233: KARMEN | J233: =IFERROR(VLOOKUP(F233,'Ciudad tablero'!A:B,2,0),0) -> ARMENIA QUINDIO | K233: =IFERROR(VLOOKUP(J233,'Ciudad tablero'!B:C,2,0),0) -> 63001000 | L233: =IFERROR(VLOOKUP(G233,'Ciudad tablero'!A:B,2,0),0) -> PEREIRA RISARALDA | M233: =IFERROR(VLOOKUP(L233,'Ciudad tablero'!B:C,2,0),0) -> 66001000 | N233: =+A233 -> ARMENIA
A234: ZONA FRANCA BOGOTA | B234: ZONA FRANCA BOGOTA | C234: 1502 | D234: CENTRO | E234: BOGOTÁ | F234: BOGOTA | G234: BOGOTA | I234: ZONAF | J234: =IFERROR(VLOOKUP(F234,'Ciudad tablero'!A:B,2,0),0) -> BOGOTA BOGOTA D. C. | K234: =IFERROR(VLOOKUP(J234,'Ciudad tablero'!B:C,2,0),0) -> 11001000 | L234: =IFERROR(VLOOKUP(G234,'Ciudad tablero'!A:B,2,0),0) -> BOGOTA BOGOTA D. C. | M234: =IFERROR(VLOOKUP(L234,'Ciudad tablero'!B:C,2,0),0) -> 11001000 | N234: =+A234 -> ZONA FRANCA BOGOTA
A235: BARRANCABERMEJA | B235: BARRANCABERMEJA | C235: 60144 | D235: SANTANDER | E235: BARRANCABERMEJA | F235: BARRANCABERMEJA | G235: BUCARAMANGA | I235: KBARRA | J235: =IFERROR(VLOOKUP(F235,'Ciudad tablero'!A:B,2,0),0) -> BARRANCABERMEJA SANTANDER | K235: =IFERROR(VLOOKUP(J235,'Ciudad tablero'!B:C,2,0),0) -> 68081000 | L235: =IFERROR(VLOOKUP(G235,'Ciudad tablero'!A:B,2,0),0) -> BUCARAMANGA SANTANDER | M235: =IFERROR(VLOOKUP(L235,'Ciudad tablero'!B:C,2,0),0) -> 68001000 | N235: =+A235 -> BARRANCABERMEJA
A236: FUSAGASUGA | B236: FUSAGASUGA | C236: 60145 | D236: CENTRO | E236: FUSA | F236: FUSAGASUGA CUNDINAMARCA | G236: BOGOTA | I236: KFUSA | J236: =IFERROR(VLOOKUP(F236,'Ciudad tablero'!A:B,2,0),0) -> FUSAGASUGA CUNDINAMARCA | K236: =IFERROR(VLOOKUP(J236,'Ciudad tablero'!B:C,2,0),0) -> 25290000 | L236: =IFERROR(VLOOKUP(G236,'Ciudad tablero'!A:B,2,0),0) -> BOGOTA BOGOTA D. C. | M236: =IFERROR(VLOOKUP(L236,'Ciudad tablero'!B:C,2,0),0) -> 11001000 | N236: =+A236 -> FUSAGASUGA
A237: LERIDA | B237: LERIDA | C237: 60146 | D237: CENTRO | E237: LERIDA TOLIMA | F237: LERIDA TOLIMA | G237: IBAGUÉ | I237: KLERIDA | J237: =IFERROR(VLOOKUP(F237,'Ciudad tablero'!A:B,2,0),0) -> LERIDA TOLIMA | K237: =IFERROR(VLOOKUP(J237,'Ciudad tablero'!B:C,2,0),0) -> 73408000 | L237: =IFERROR(VLOOKUP(G237,'Ciudad tablero'!A:B,2,0),0) -> IBAGUE TOLIMA | M237: =IFERROR(VLOOKUP(L237,'Ciudad tablero'!B:C,2,0),0) -> 73001000 | N237: =+A237 -> LERIDA
A238: MADRID | B238: MADRID | C238: 60147 | D238: CENTRO | E238: MADRID | F238: MADRID CUNDINAMARCA | G238: BOGOTA | I238: KMADRID | J238: =IFERROR(VLOOKUP(F238,'Ciudad tablero'!A:B,2,0),0) -> MADRID CUNDINAMARCA | K238: =IFERROR(VLOOKUP(J238,'Ciudad tablero'!B:C,2,0),0) -> 25430000 | L238: =IFERROR(VLOOKUP(G238,'Ciudad tablero'!A:B,2,0),0) -> BOGOTA BOGOTA D. C. | M238: =IFERROR(VLOOKUP(L238,'Ciudad tablero'!B:C,2,0),0) -> 11001000 | N238: =+A238 -> MADRID
A239: PASTO | B239: PASTO | C239: 60148 | D239: OCCIDENTE | E239: PASTO | F239: PASTO | G239: PASTO | I239: KPASTO | J239: =IFERROR(VLOOKUP(F239,'Ciudad tablero'!A:B,2,0),0) -> PASTO NARINO | K239: =IFERROR(VLOOKUP(J239,'Ciudad tablero'!B:C,2,0),0) -> 52001000 | L239: =IFERROR(VLOOKUP(G239,'Ciudad tablero'!A:B,2,0),0) -> PASTO NARINO | M239: =IFERROR(VLOOKUP(L239,'Ciudad tablero'!B:C,2,0),0) -> 52001000 | N239: =+A239 -> PASTO
A240: SINCELEJO | B240: SINCELEJO | C240: 60149 | D240: COSTA | E240: SINCELEJO | F240: SINCELEJO | G240: MONTERÍA | I240: KSINCE | J240: =IFERROR(VLOOKUP(F240,'Ciudad tablero'!A:B,2,0),0) -> SINCELEJO SUCRE | K240: =IFERROR(VLOOKUP(J240,'Ciudad tablero'!B:C,2,0),0) -> 70001000 | L240: =IFERROR(VLOOKUP(G240,'Ciudad tablero'!A:B,2,0),0) -> MONTERIA CORDOBA | M240: =IFERROR(VLOOKUP(L240,'Ciudad tablero'!B:C,2,0),0) -> 23001000 | N240: =+A240 -> SINCELEJO
A241: YARUMAL | B241: YARUMAL | C241: 60150 | D241: ANTIOQUIA | E241: YARUMAL | F241: YARUMAL ANTIOQUIA | G241: MEDELLÍN | I241: KYARUM | J241: =IFERROR(VLOOKUP(F241,'Ciudad tablero'!A:B,2,0),0) -> YARUMAL ANTIOQUIA | K241: =IFERROR(VLOOKUP(J241,'Ciudad tablero'!B:C,2,0),0) -> 5887000 | L241: =IFERROR(VLOOKUP(G241,'Ciudad tablero'!A:B,2,0),0) -> MEDELLIN ANTIOQUIA | M241: =IFERROR(VLOOKUP(L241,'Ciudad tablero'!B:C,2,0),0) -> 5001000 | N241: =+A241 -> YARUMAL
... A244: CAUCASIA | B244: CAUCASIA | C244: 60153 | D244: COSTA | E244: CAUCASIA | F244: CAUCASIA ANTIOQUIA | G244: MONTERÍA | I244: KCAUCA | J244: =IFERROR(VLOOKUP(F244,'Ciudad tablero'!A:B,2,0),0) -> CAUCASIA ANTIOQUIA | K244: =IFERROR(VLOOKUP(J244,'Ciudad tablero'!B:C,2,0),0) -> 5154000 | L244: =IFERROR(VLOOKUP(G244,'Ciudad tablero'!A:B,2,0),0) -> MONTERIA CORDOBA | M244: =IFERROR(VLOOKUP(L244,'Ciudad tablero'!B:C,2,0),0) -> 23001000 | N244: =+A244 -> CAUCASIA
A245: CIPLATS | B245: =A245 -> CIPLATS | C245: 10215 | D245: CENTRO | E245: BOGOTÁ | F245: BOGOTA | G245: BOGOTA | I245: CIPLAS | J245: =IFERROR(VLOOKUP(F245,'Ciudad tablero'!A:B,2,0),0) -> BOGOTA BOGOTA D. C. | K245: =IFERROR(VLOOKUP(J245,'Ciudad tablero'!B:C,2,0),0) -> 11001000 | L245: =IFERROR(VLOOKUP(G245,'Ciudad tablero'!A:B,2,0),0) -> BOGOTA BOGOTA D. C. | M245: =IFERROR(VLOOKUP(L245,'Ciudad tablero'!B:C,2,0),0) -> 11001000 | N245: =+A245 -> CIPLATS
A246: IDEPLAST | B246: IDESPLAST | C246: 60154 | D246: CENTRO | E246: BOGOTÁ | F246: FUNZA | G246: BOGOTA | I246: IDEPL | J246: =IFERROR(VLOOKUP(F246,'Ciudad tablero'!A:B,2,0),0) -> FUNZA CUNDINAMARCA | K246: =IFERROR(VLOOKUP(J246,'Ciudad tablero'!B:C,2,0),0) -> 25286000 | L246: =IFERROR(VLOOKUP(G246,'Ciudad tablero'!A:B,2,0),0) -> BOGOTA BOGOTA D. C. | M246: =IFERROR(VLOOKUP(L246,'Ciudad tablero'!B:C,2,0),0) -> 11001000 | N246: =+A246 -> IDEPLAST
A247: PUNTO DE EXPORTACION CUCUTA | B247: PUNTO DE EXPORTACION CUCUTA | C247: 60155 | D247: SANTANDER | E247: CÚCUTA | F247: CÚCUTA | G247: CUCUTA NORTE DE SANTANDER | I247: EXCUC | J247: =IFERROR(VLOOKUP(F247,'Ciudad tablero'!A:B,2,0),0) -> CUCUTA NORTE DE SANTANDER | K247: =IFERROR(VLOOKUP(J247,'Ciudad tablero'!B:C,2,0),0) -> 54001000 | L247: =IFERROR(VLOOKUP(G247,'Ciudad tablero'!A:B,2,0),0) -> CÚCUTA | M247: =IFERROR(VLOOKUP(L247,'Ciudad tablero'!B:C,2,0),0) -> 54001000 | N247: =+A247 -> PUNTO DE EXPORTACION CUCUTA
A248: CHICORAL | B248: CHICORAL | C248: 60156 | D248: CENTRO | E248: CHICORAL | F248: CHICORAL TOLIMA | G248: IBAGUÉ | I248: CHICOR | J248: =IFERROR(VLOOKUP(F248,'Ciudad tablero'!A:B,2,0),0) -> 0 | K248: =IFERROR(VLOOKUP(J248,'Ciudad tablero'!B:C,2,0),0) -> 0 | L248: =IFERROR(VLOOKUP(G248,'Ciudad tablero'!A:B,2,0),0) -> IBAGUE TOLIMA | M248: =IFERROR(VLOOKUP(L248,'Ciudad tablero'!B:C,2,0),0) -> 73001000 | N248: =+A248 -> CHICORAL
A249: NUCLEOS DE MADERA | B249: NUCLEOS DE MADERA | C249: 2051 | D249: ANTIOQUIA | E249: YARUMAL | F249: YARUMAL ANTIOQUIA | G249: MEDELLÍN | I249: NUCLEOS | J249: =IFERROR(VLOOKUP(F249,'Ciudad tablero'!A:B,2,0),0) -> YARUMAL ANTIOQUIA | K249: =IFERROR(VLOOKUP(J249,'Ciudad tablero'!B:C,2,0),0) -> 5887000 | L249: =IFERROR(VLOOKUP(G249,'Ciudad tablero'!A:B,2,0),0) -> MEDELLIN ANTIOQUIA | M249: =IFERROR(VLOOKUP(L249,'Ciudad tablero'!B:C,2,0),0) -> 5001000 | N249: =+A249 -> NUCLEOS DE MADERA
A250: BUGA | B250: BUGA | C250: 60159 | D250: OCCIDENTE | E250: BUGA | F250: GUADALAJARA DE BUGA VALLE DEL CAUCA | G250: CALI | I250: KBUGA | J250: =IFERROR(VLOOKUP(F250,'Ciudad tablero'!A:B,2,0),0) -> GUADALAJARA DE BUGA VALLE DEL CAUCA | K250: =IFERROR(VLOOKUP(J250,'Ciudad tablero'!B:C,2,0),0) -> 76111000 | L250: =IFERROR(VLOOKUP(G250,'Ciudad tablero'!A:B,2,0),0) -> CALI VALLE DEL CAUCA | M250: =IFERROR(VLOOKUP(L250,'Ciudad tablero'!B:C,2,0),0) -> 76001000 | N250: =+A250 -> BUGA
A251: CERVECERIA DEL VALLE | B251: CERVECERIA DEL VALLE | C251: 60160 | D251: OCCIDENTE | E251: CALI | F251: CALI | G251: CALI | I251: CEVLLE | J251: =IFERROR(VLOOKUP(F251,'Ciudad tablero'!A:B,2,0),0) -> CALI VALLE DEL CAUCA | K251: =IFERROR(VLOOKUP(J251,'Ciudad tablero'!B:C,2,0),0) -> 76001000 | L251: =IFERROR(VLOOKUP(G251,'Ciudad tablero'!A:B,2,0),0) -> CALI VALLE DEL CAUCA | M251: =IFERROR(VLOOKUP(L251,'Ciudad tablero'!B:C,2,0),0) -> 76001000 | N251: =+A251 -> CERVECERIA DEL VALLE
A252: CELTA FUNZA | B252: CELTA BOGOTA | C252: 60161 | D252: CENTRO | E252: BOGOTÁ | F252: FUNZA | G252: BOGOTA | I252: CELTA | J252: =IFERROR(VLOOKUP(F252,'Ciudad tablero'!A:B,2,0),0) -> FUNZA CUNDINAMARCA | K252: =IFERROR(VLOOKUP(J252,'Ciudad tablero'!B:C,2,0),0) -> 25286000 | L252: =IFERROR(VLOOKUP(G252,'Ciudad tablero'!A:B,2,0),0) -> BOGOTA BOGOTA D. C. | M252: =IFERROR(VLOOKUP(L252,'Ciudad tablero'!B:C,2,0),0) -> 11001000 | N252: =+A252 -> CELTA FUNZA
A253: POPAYAN | B253: POPAYAN | C253: 60162 | D253: OCCIDENTE | E253: POPAYÁN | F253: POPAYAN | G253: CALI | I253: KPOPA | J253: =IFERROR(VLOOKUP(F253,'Ciudad tablero'!A:B,2,0),0) -> POPAYAN CAUCA | K253: =IFERROR(VLOOKUP(J253,'Ciudad tablero'!B:C,2,0),0) -> 19001000 | L253: =IFERROR(VLOOKUP(G253,'Ciudad tablero'!A:B,2,0),0) -> CALI VALLE DEL CAUCA | M253: =IFERROR(VLOOKUP(L253,'Ciudad tablero'!B:C,2,0),0) -> 76001000 | N253: =+A253 -> POPAYAN
A254: DIPSA | B254: DIPSA | C254: 60163 | D254: CENTRO | E254: BOGOTÁ | F254: BOGOTA | G254: BOGOTA | I254: DIPSA | J254: =IFERROR(VLOOKUP(F254,'Ciudad tablero'!A:B,2,0),0) -> BOGOTA BOGOTA D. C. | K254: =IFERROR(VLOOKUP(J254,'Ciudad tablero'!B:C,2,0),0) -> 11001000 | L254: =IFERROR(VLOOKUP(G254,'Ciudad tablero'!A:B,2,0),0) -> BOGOTA BOGOTA D. C. | M254: =IFERROR(VLOOKUP(L254,'Ciudad tablero'!B:C,2,0),0) -> 11001000 | N254: =+A254 -> DIPSA
A255: ERCOL PEREIRA | B255: ERCOL PEREIRA | C255: 60165 | D255: OCCIDENTE | E255: PEREIRA | F255: PEREIRA | G255: PEREIRA | I255: PEERCO | J255: =IFERROR(VLOOKUP(F255,'Ciudad tablero'!A:B,2,0),0) -> PEREIRA RISARALDA | K255: =IFERROR(VLOOKUP(J255,'Ciudad tablero'!B:C,2,0),0) -> 66001000 | L255: =IFERROR(VLOOKUP(G255,'Ciudad tablero'!A:B,2,0),0) -> PEREIRA RISARALDA | M255: =IFERROR(VLOOKUP(L255,'Ciudad tablero'!B:C,2,0),0) -> 66001000 | N255: =+A255 -> ERCOL PEREIRA
A256: ERCOL BOGOTA | B256: ERCOL BOGOTA | C256: 60166 | D256: CENTRO | E256: BOGOTÁ | F256: BOGOTA | G256: BOGOTA | I256: BOERCO | J256: =IFERROR(VLOOKUP(F256,'Ciudad tablero'!A:B,2,0),0) -> BOGOTA BOGOTA D. C. | K256: =IFERROR(VLOOKUP(J256,'Ciudad tablero'!B:C,2,0),0) -> 11001000 | L256: =IFERROR(VLOOKUP(G256,'Ciudad tablero'!A:B,2,0),0) -> BOGOTA BOGOTA D. C. | M256: =IFERROR(VLOOKUP(L256,'Ciudad tablero'!B:C,2,0),0) -> 11001000 | N256: =+A256 -> ERCOL BOGOTA
A257: FLORENCIA | B257: FLORENCIA | C257: 60164 | D257: CENTRO | E257: FLORENCIA | F257: FLORENCIA | G257: NEIVA | I257: KFLORE | J257: =IFERROR(VLOOKUP(F257,'Ciudad tablero'!A:B,2,0),0) -> FLORENCIA CAQUETA | K257: =IFERROR(VLOOKUP(J257,'Ciudad tablero'!B:C,2,0),0) -> 18001000 | L257: =IFERROR(VLOOKUP(G257,'Ciudad tablero'!A:B,2,0),0) -> NEIVA HUILA | M257: =IFERROR(VLOOKUP(L257,'Ciudad tablero'!B:C,2,0),0) -> 41001000 | N257: =+A257 -> FLORENCIA
...

Sheet Maestro de rutas
A1: Origen | B1: Regional origen | C1: Codigo origen | D1: Destino | E1: Regional destino | F1: Codigo destino | G1: Mediana de Duración real | H1: Cantidad de viajes | I1: Mediana de TraveledDistance
A2: AIR LIQUIDE | B2: =VLOOKUP(A2,hoja!$A$1:$E$887,5,FALSE) -> #N/A | C2: =VLOOKUP(A2,hoja!A:D,3,FALSE) -> #N/A | D2: Bavaria Tocancipa | E2: =VLOOKUP(D2,hoja!$A$1:$E$161,5,FALSE) -> #N/A | F2: =VLOOKUP(D2,hoja!A:C,3,FALSE) -> 50189 | G2: 1.3702778 | H2: 3 | I2: 76140
A3: AIR LIQUIDE | B3: =VLOOKUP(A3,hoja!$A$1:$E$161,5,FALSE) -> #N/A | C3: =VLOOKUP(A3,hoja!A:D,3,FALSE) -> #N/A | D3: CENTRAL CERVECERA - SESQUILE | E3: =VLOOKUP(D3,hoja!$A$1:$E$161,5,FALSE) -> SESQUILÉ | F3: =VLOOKUP(D3,hoja!A:C,3,FALSE) -> 1501 | G3: 1.0288889 | H3: 8 | I3: 82938.5
A4: AIR LIQUIDE | B4: =VLOOKUP(A4,hoja!$A$1:$E$161,5,FALSE) -> #N/A | C4: =VLOOKUP(A4,hoja!A:D,3,FALSE) -> #N/A | D4: ENKA DE COLOMBIA | E4: =VLOOKUP(D4,hoja!$A$1:$E$161,5,FALSE) -> #N/A | F4: =VLOOKUP(D4,hoja!A:C,3,FALSE) -> 3038 | G4: 37.551389 | H4: 19 | I4: 525786
A5: AIR LIQUIDE | B5: =VLOOKUP(A5,hoja!$A$1:$E$161,5,FALSE) -> #N/A | C5: =VLOOKUP(A5,hoja!A:D,3,FALSE) -> #N/A | D5: GASCOL CENTRO | E5: =VLOOKUP(D5,hoja!$A$1:$E$161,5,FALSE) -> BOGOTÁ | F5: =VLOOKUP(D5,hoja!A:C,3,FALSE) -> 0002 | G5: 2.4833333 | H5: 1 | I5: 111299
A6: AIR LIQUIDE | B6: =VLOOKUP(A6,hoja!$A$1:$E$161,5,FALSE) -> #N/A | C6: =VLOOKUP(A6,hoja!A:D,3,FALSE) -> #N/A | D6: GASCOL SUR | E6: =VLOOKUP(D6,hoja!$A$1:$E$161,5,FALSE) -> BOGOTÁ | F6: =VLOOKUP(D6,hoja!A:C,3,FALSE) -> 0011 | G6: 12.566667 | H6: 24 | I6: 126898.5
A7: AIR LIQUIDE | B7: =VLOOKUP(A7,hoja!$A$1:$E$161,5,FALSE) -> #N/A | C7: =VLOOKUP(A7,hoja!A:D,3,FALSE) -> #N/A | D7: GASEOSAS LUX DUITAMA | E7: =VLOOKUP(D7,hoja!$A$1:$E$161,5,FALSE) -> DUITAMA | F7: =VLOOKUP(D7,hoja!A:C,3,FALSE) -> 0441 | G7: 11.153333 | H7: 12 | I7: 237665.5
A8: AIR LIQUIDE | B8: =VLOOKUP(A8,hoja!$A$1:$E$161,5,FALSE) -> #N/A | C8: =VLOOKUP(A8,hoja!A:D,3,FALSE) -> #N/A | D8: GASEOSAS LUX PIEDECUESTA | E8: =VLOOKUP(D8,hoja!$A$1:$E$161,5,FALSE) -> PIEDECUESTA | F8: =VLOOKUP(D8,hoja!A:C,3,FALSE) -> 0422 | G8: 30.816667 | H8: 22 | I8: 430588
A9: AIR LIQUIDE | B9: =VLOOKUP(A9,hoja!$A$1:$E$161,5,FALSE) -> #N/A | C9: =VLOOKUP(A9,hoja!A:D,3,FALSE) -> #N/A | D9: Metálicas Mendez | E9: =VLOOKUP(D9,hoja!$A$1:$E$161,5,FALSE) -> #N/A | F9: =VLOOKUP(D9,hoja!A:C,3,FALSE) -> 50250 | G9: 13.154722 | H9: 1 | I9: 147026
A10: AIR LIQUIDE | B10: =VLOOKUP(A10,hoja!$A$1:$E$161,5,FALSE) -> #N/A | C10: =VLOOKUP(A10,hoja!A:D,3,FALSE) -> #N/A | D10: Parqueadero el Tunal | E10: =VLOOKUP(D10,hoja!$A$1:$E$161,5,FALSE) -> #N/A | F10: =VLOOKUP(D10,hoja!A:C,3,FALSE) -> #N/A | G10: 1.5419444 | H10: 7 | I10: 127136
A11: AIR LIQUIDE | B11: =VLOOKUP(A11,hoja!$A$1:$E$161,5,FALSE) -> #N/A | C11: =VLOOKUP(A11,hoja!A:D,3,FALSE) -> #N/A | D11: PARQUEADERO TRANSCONTAINER | E11: =VLOOKUP(D11,hoja!$A$1:$E$161,5,FALSE) -> BOGOTÁ | F11: =VLOOKUP(D11,hoja!A:C,3,FALSE) -> 60002 | G11: 2.7166667 | H11: 3 | I11: 118779
A12: AIR LIQUIDE | B12: =VLOOKUP(A12,hoja!$A$1:$E$161,5,FALSE) -> #N/A | C12: =VLOOKUP(A12,hoja!A:D,3,FALSE) -> #N/A | D12: POSTOBON BELLO | E12: =VLOOKUP(D12,hoja!$A$1:$E$161,5,FALSE) -> MEDELLÍN | F12: =VLOOKUP(D12,hoja!A:C,3,FALSE) -> 0079 | G12: 28.15 | H12: 2 | I12: 569357.5
A13: AIR LIQUIDE | B13: =VLOOKUP(A13,hoja!$A$1:$E$161,5,FALSE) -> #N/A | C13: =VLOOKUP(A13,hoja!A:D,3,FALSE) -> #N/A | D13: POSTOBON MALAMBO | E13: =VLOOKUP(D13,hoja!$A$1:$E$161,5,FALSE) -> BARRANQUILLA | F13: =VLOOKUP(D13,hoja!A:C,3,FALSE) -> 0111 | G13: 62.525 | H13: 46 | I13: 1100106
A14: AIR LIQUIDE | B14: =VLOOKUP(A14,hoja!$A$1:$E$161,5,FALSE) -> #N/A | C14: =VLOOKUP(A14,hoja!A:D,3,FALSE) -> #N/A | D14: TALLER MANTENIMIENTO EDINSA CALLE 80 | E14: =VLOOKUP(D14,hoja!$A$1:$E$161,5,FALSE) -> BOGOTÁ | F14: =VLOOKUP(D14,hoja!A:C,3,FALSE) -> 60003 | G14: 1.5166667 | H14: 1 | I14: 363085
... A363: CEDI CHIQUINQUIRA | B363: =VLOOKUP(A363,hoja!$A$1:$E$161,5,FALSE) -> CHIQUINQUIRÁ | C363: =VLOOKUP(A363,hoja!A:D,3,FALSE) -> 0444 | D363: SURTIRETENES Y RODAMIENTOS LTDA | E363: =VLOOKUP(D363,hoja!$A$1:$E$161,5,FALSE) -> #N/A | F363: =VLOOKUP(D363,hoja!A:C,3,FALSE) -> #N/A | G363: 6.5666667 | H363: 1 | I363: 145862
A364: CEDI CHIQUINQUIRA | B364: =VLOOKUP(A364,hoja!$A$1:$E$161,5,FALSE) -> CHIQUINQUIRÁ | C364: =VLOOKUP(A364,hoja!A:D,3,FALSE) -> 0444 | D364: TALLER MANTENIMIENTO EDINSA BOGOTÁ | E364: =VLOOKUP(D364,hoja!$A$1:$E$161,5,FALSE) -> #N/A | F364: =VLOOKUP(D364,hoja!A:C,3,FALSE) -> #N/A | G364: 3.4833333 | H364: 1
A365: CEDI CHIQUINQUIRA | B365: =VLOOKUP(A365,hoja!$A$1:$E$161,5,FALSE) -> CHIQUINQUIRÁ | C365: =VLOOKUP(A365,hoja!A:D,3,FALSE) -> 0444 | D365: TALLER MANTENIMIENTO EDINSA CALLE 80 | E365: =VLOOKUP(D365,hoja!$A$1:$E$161,5,FALSE) -> BOGOTÁ | F365: =VLOOKUP(D365,hoja!A:C,3,FALSE) -> 60003 | G365: 4.9936111 | H365: 9 | I365: 135501
A366: CEDI FLORENCIA | B366: =VLOOKUP(A366,hoja!$A$1:$E$161,5,FALSE) -> FLORENCIA | C366: =VLOOKUP(A366,hoja!A:D,3,FALSE) -> 0388 | D366: CALOTO-NGB | E366: =VLOOKUP(D366,hoja!$A$1:$E$161,5,FALSE) -> CALOTO | F366: =VLOOKUP(D366,hoja!A:C,3,FALSE) -> 0445 | G366: 40.483333 | H366: 57 | I366: 739405
A367: CEDI FLORENCIA | B367: =VLOOKUP(A367,hoja!$A$1:$E$161,5,FALSE) -> FLORENCIA | C367: =VLOOKUP(A367,hoja!A:D,3,FALSE) -> 0388 | D367: CEDI CALLE 80 | E367: =VLOOKUP(D367,hoja!$A$1:$E$161,5,FALSE) -> BOGOTÁ | F367: =VLOOKUP(D367,hoja!A:C,3,FALSE) -> 0035 | G367: 35.716667 | H367: 3 | I367: 487149
A368: CEDI FLORENCIA | B368: =VLOOKUP(A368,hoja!$A$1:$E$161,5,FALSE) -> FLORENCIA | C368: =VLOOKUP(A368,hoja!A:D,3,FALSE) -> 0388 | D368: CENTRAL CERVECERA - SESQUILE | E368: =VLOOKUP(D368,hoja!$A$1:$E$161,5,FALSE) -> SESQUILÉ | F368: =VLOOKUP(D368,hoja!A:C,3,FALSE) -> 1501 | G368: 39.266667 | H368: 27 | I368: 615625
A369: CEDI FLORENCIA | B369: =VLOOKUP(A369,hoja!$A$1:$E$161,5,FALSE) -> FLORENCIA | C369: =VLOOKUP(A369,hoja!A:D,3,FALSE) -> 0388 | D369: GASCOL AGUAS | E369: =VLOOKUP(D369,hoja!$A$1:$E$161,5,FALSE) -> BOGOTÁ | F369: =VLOOKUP(D369,hoja!A:C,3,FALSE) -> 0002A | G369: 33.091667 | H369: 2 | I369: 578599
A370: CEDI FLORENCIA | B370: =VLOOKUP(A370,hoja!$A$1:$E$161,5,FALSE) -> FLORENCIA | C370: =VLOOKUP(A370,hoja!A:D,3,FALSE) -> 0388 | D370: GASCOL SUR | E370: =VLOOKUP(D370,hoja!$A$1:$E$161,5,FALSE) -> BOGOTÁ | F370: =VLOOKUP(D370,hoja!A:C,3,FALSE) -> 0011 | G370: 24.283333 | H370: 20 | I370: 537699.5
A371: CEDI FLORENCIA | B371: =VLOOKUP(A371,hoja!$A$1:$E$161,5,FALSE) -> FLORENCIA | C371: =VLOOKUP(A371,hoja!A:D,3,FALSE) -> 0388 | D371: GASEOSAS LUX BOGOTA | E371: =VLOOKUP(D371,hoja!$A$1:$E$161,5,FALSE) -> BOGOTÁ | F371: =VLOOKUP(D371,hoja!A:C,3,FALSE) -> 0021 | G371: 25.6 | H371: 146 | I371: 542981.5
A372: CEDI FLORENCIA | B372: =VLOOKUP(A372,hoja!$A$1:$E$161,5,FALSE) -> FLORENCIA | C372: =VLOOKUP(A372,hoja!A:D,3,FALSE) -> 0388 | D372: GASEOSAS LUX NEIVA | E372: =VLOOKUP(D372,hoja!$A$1:$E$161,5,FALSE) -> NEIVA | F372: =VLOOKUP(D372,hoja!A:C,3,FALSE) -> 0385 | G372: 6.6833333 | H372: 426 | I372: 234978
A373: CEDI FLORENCIA | B373: =VLOOKUP(A373,hoja!$A$1:$E$161,5,FALSE) -> FLORENCIA | C373: =VLOOKUP(A373,hoja!A:D,3,FALSE) -> 0388 | D373: GASEOSAS LUX PIEDECUESTA | E373: =VLOOKUP(D373,hoja!$A$1:$E$161,5,FALSE) -> PIEDECUESTA | F373: =VLOOKUP(D373,hoja!A:C,3,FALSE) -> 0422 | G373: 37.7 | H373: 1 | I373: 1068634
A374: CEDI FLORENCIA | B374: =VLOOKUP(A374,hoja!$A$1:$E$161,5,FALSE) -> FLORENCIA | C374: =VLOOKUP(A374,hoja!A:D,3,FALSE) -> 0388 | D374: NUTRIUM | E374: =VLOOKUP(D374,hoja!$A$1:$E$161,5,FALSE) -> #N/A | F374: =VLOOKUP(D374,hoja!A:C,3,FALSE) -> #N/A | G374: 22.758333 | H374: 2 | I374: 609334.5
A375: CEDI FLORENCIA | B375: =VLOOKUP(A375,hoja!$A$1:$E$161,5,FALSE) -> FLORENCIA | C375: =VLOOKUP(A375,hoja!A:D,3,FALSE) -> 0388 | D375: PARQUEADERO TRANSCONTAINER | E375: =VLOOKUP(D375,hoja!$A$1:$E$161,5,FALSE) -> BOGOTÁ | F375: =VLOOKUP(D375,hoja!A:C,3,FALSE) -> 60002 | G375: 26.833333 | H375: 19 | I375: 545839
A376: CEDI FLORENCIA | B376: =VLOOKUP(A376,hoja!$A$1:$E$161,5,FALSE) -> FLORENCIA | C376: =VLOOKUP(A376,hoja!A:D,3,FALSE) -> 0388 | D376: POSTOBON PEREIRA | E376: =VLOOKUP(D376,hoja!$A$1:$E$161,5,FALSE) -> PEREIRA | F376: =VLOOKUP(D376,hoja!A:C,3,FALSE) -> 0198 | G376: 25.816667 | H376: 22 | I376: 576854.5
... A973: GASCOL SUR | B973: =VLOOKUP(A973,hoja!$A$1:$E$161,5,FALSE) -> BOGOTÁ | C973: =VLOOKUP(A973,hoja!A:D,3,FALSE) -> 0011 | D973: GASEOSAS LUX VILLAVICENCIO | E973: =VLOOKUP(D973,hoja!$A$1:$E$161,5,FALSE) -> VILLAVICENCIO | F973: =VLOOKUP(D973,hoja!A:C,3,FALSE) -> 0393 | G973: 3.75 | H973: 527 | I973: 106378.5
A974: GASCOL SUR | B974: =VLOOKUP(A974,hoja!$A$1:$E$161,5,FALSE) -> BOGOTÁ | C974: =VLOOKUP(A974,hoja!A:D,3,FALSE) -> 0011 | D974: Metálicas Mendez | E974: =VLOOKUP(D974,hoja!$A$1:$E$161,5,FALSE) -> #N/A | F974: =VLOOKUP(D974,hoja!A:C,3,FALSE) -> 50250 | G974: 2.1666667 | H974: 1
A975: GASCOL SUR | B975: =VLOOKUP(A975,hoja!$A$1:$E$161,5,FALSE) -> BOGOTÁ | C975: =VLOOKUP(A975,hoja!A:D,3,FALSE) -> 0011 | D975: NAVITRANS S.A.S. BOGOTA | E975: =VLOOKUP(D975,hoja!$A$1:$E$161,5,FALSE) -> #N/A | F975: =VLOOKUP(D975,hoja!A:C,3,FALSE) -> #N/A | G975: 0.50833333 | H975: 2 | I975: 11620
A976: GASCOL SUR | B976: =VLOOKUP(A976,hoja!$A$1:$E$161,5,FALSE) -> BOGOTÁ | C976: =VLOOKUP(A976,hoja!A:D,3,FALSE) -> 0011 | D976: Parqueadero el Tunal | E976: =VLOOKUP(D976,hoja!$A$1:$E$161,5,FALSE) -> #N/A | F976: =VLOOKUP(D976,hoja!A:C,3,FALSE) -> #N/A | G976: 0.44166667 | H976: 6 | I976: 4257.5
A977: GASCOL SUR | B977: =VLOOKUP(A977,hoja!$A$1:$E$161,5,FALSE) -> BOGOTÁ | C977: =VLOOKUP(A977,hoja!A:D,3,FALSE) -> 0011 | D977: PARQUEADERO RTR | E977: =VLOOKUP(D977,hoja!$A$1:$E$161,5,FALSE) -> #N/A | F977: =VLOOKUP(D977,hoja!A:C,3,FALSE) -> #N/A | G977: 23.7 | H977: 1 | I977: 436698
A978: GASCOL SUR | B978: =VLOOKUP(A978,hoja!$A$1:$E$161,5,FALSE) -> BOGOTÁ | C978: =VLOOKUP(A978,hoja!A:D,3,FALSE) -> 0011 | D978: PARQUEADERO TRANSCONTAINER | E978: =VLOOKUP(D978,hoja!$A$1:$E$161,5,FALSE) -> BOGOTÁ | F978: =VLOOKUP(D978,hoja!A:C,3,FALSE) -> 60002 | G978: 0.55 | H978: 545 | I978: 9870
A979: GASCOL SUR | B979: =VLOOKUP(A979,hoja!$A$1:$E$161,5,FALSE) -> BOGOTÁ | C979: =VLOOKUP(A979,hoja!A:D,3,FALSE) -> 0011 | D979: PLANTA IBERPLAST | E979: =VLOOKUP(D979,hoja!$A$1:$E$161,5,FALSE) -> MADRID | F979: =VLOOKUP(D979,hoja!A:C,3,FALSE) -> 2023 | G979: 1.2166667 | H979: 45 | I979: 32634
A980: GASCOL SUR | B980: =VLOOKUP(A980,hoja!$A$1:$E$161,5,FALSE) -> BOGOTÁ | C980: =VLOOKUP(A980,hoja!A:D,3,FALSE) -> 0011 | D980: POSTOBON BELLO | E980: =VLOOKUP(D980,hoja!$A$1:$E$161,5,FALSE) -> MEDELLÍN | F980: =VLOOKUP(D980,hoja!A:C,3,FALSE) -> 0079 | G980: 31.383333 | H980: 252 | I980: 423011
A981: GASCOL SUR | B981: =VLOOKUP(A981,hoja!$A$1:$E$161,5,FALSE) -> BOGOTÁ | C981: =VLOOKUP(A981,hoja!A:D,3,FALSE) -> 0011 | D981: POSTOBON DOSQUEBRADAS | E981: =VLOOKUP(D981,hoja!$A$1:$E$161,5,FALSE) -> PEREIRA | F981: =VLOOKUP(D981,hoja!A:C,3,FALSE) -> 0134 | G981: 19.925 | H981: 98 | I981: 312408
A982: GASCOL SUR | B982: =VLOOKUP(A982,hoja!$A$1:$E$161,5,FALSE) -> BOGOTÁ | C982: =VLOOKUP(A982,hoja!A:D,3,FALSE) -> 0011 | D982: POSTOBON MALAMBO | E982: =VLOOKUP(D982,hoja!$A$1:$E$161,5,FALSE) -> BARRANQUILLA | F982: =VLOOKUP(D982,hoja!A:C,3,FALSE) -> 0111 | G982: 48.151389 | H982: 309 | I982: 1021330
A983: GASCOL SUR | B983: =VLOOKUP(A983,hoja!$A$1:$E$161,5,FALSE) -> BOGOTÁ | C983: =VLOOKUP(A983,hoja!A:D,3,FALSE) -> 0011 | D983: POSTOBON MEDELLIN | E983: =VLOOKUP(D983,hoja!$A$1:$E$161,5,FALSE) -> MEDELLÍN | F983: =VLOOKUP(D983,hoja!A:C,3,FALSE) -> 0092 | G983: 24.683333 | H983: 53 | I983: 433074
A984: GASCOL SUR | B984: =VLOOKUP(A984,hoja!$A$1:$E$161,5,FALSE) -> BOGOTÁ | C984: =VLOOKUP(A984,hoja!A:D,3,FALSE) -> 0011 | D984: POSTOBON PEREIRA | E984: =VLOOKUP(D984,hoja!$A$1:$E$161,5,FALSE) -> PEREIRA | F984: =VLOOKUP(D984,hoja!A:C,3,FALSE) -> 0198 | G984: 17.883333 | H984: 146 | I984: 312686
A985: GASCOL SUR | B985: =VLOOKUP(A985,hoja!$A$1:$E$161,5,FALSE) -> BOGOTÁ | C985: =VLOOKUP(A985,hoja!A:D,3,FALSE) -> 0011 | D985: POSTOBON YUMBO | E985: =VLOOKUP(D985,hoja!$A$1:$E$161,5,FALSE) -> CALI | F985: =VLOOKUP(D985,hoja!A:C,3,FALSE) -> 0410 | G985: 24.335417 | H985: 158 | I985: 440948.5
A986: GASCOL SUR | B986: =VLOOKUP(A986,hoja!$A$1:$E$161,5,FALSE) -> BOGOTÁ | C986: =VLOOKUP(A986,hoja!A:D,3,FALSE) -> 0011 | D986: PUNTO DE INTERCAMBIO GUALANDAY | E986: =VLOOKUP(D986,hoja!$A$1:$E$161,5,FALSE) -> GUALANDAY | F986: =VLOOKUP(D986,hoja!A:C,3,FALSE) -> 3042 | G986: 5.2477778 | H986: 280 | I986: 154640.5
... A1485: PARQUEADERO EL PEAJITO | B1485: =VLOOKUP(A1485,hoja!$A$1:$E$161,5,FALSE) -> MEDELLÍN | C1485: =VLOOKUP(A1485,hoja!A:D,3,FALSE) -> 60001 | D1485: CARPAS ARAKE | E1485: =VLOOKUP(D1485,hoja!$A$1:$E$161,5,FALSE) -> #N/A | F1485: =VLOOKUP(D1485,hoja!A:C,3,FALSE) -> #N/A | G1485: 0.30222222 | H1485: 4 | I1485: 13609
A1486: PARQUEADERO EL PEAJITO | B1486: =VLOOKUP(A1486,hoja!$A$1:$E$161,5,FALSE) -> MEDELLÍN | C1486: =VLOOKUP(A1486,hoja!A:D,3,FALSE) -> 60001 | D1486: CEDI BUGA | E1486: =VLOOKUP(D1486,hoja!$A$1:$E$161,5,FALSE) -> BUGA | F1486: =VLOOKUP(D1486,hoja!A:C,3,FALSE) -> 0411 | G1486: 0.033333333 | H1486: 1
A1487: PARQUEADERO EL PEAJITO | B1487: =VLOOKUP(A1487,hoja!$A$1:$E$161,5,FALSE) -> MEDELLÍN | C1487: =VLOOKUP(A1487,hoja!A:D,3,FALSE) -> 60001 | D1487: CEDI CALLE 80 | E1487: =VLOOKUP(D1487,hoja!$A$1:$E$161,5,FALSE) -> BOGOTÁ | F1487: =VLOOKUP(D1487,hoja!A:C,3,FALSE) -> 0035 | G1487: 24.466667 | H1487: 6 | I1487: 406063
A1488: PARQUEADERO EL PEAJITO | B1488: =VLOOKUP(A1488,hoja!$A$1:$E$161,5,FALSE) -> MEDELLÍN | C1488: =VLOOKUP(A1488,hoja!A:D,3,FALSE) -> 60001 | D1488: CEDI CARTAGENA | E1488: =VLOOKUP(D1488,hoja!$A$1:$E$161,5,FALSE) -> CARTAGENA | F1488: =VLOOKUP(D1488,hoja!A:C,3,FALSE) -> 0113 | G1488: 53.5 | H1488: 13 | I1488: 654095
A1489: PARQUEADERO EL PEAJITO | B1489: =VLOOKUP(A1489,hoja!$A$1:$E$161,5,FALSE) -> MEDELLÍN | C1489: =VLOOKUP(A1489,hoja!A:D,3,FALSE) -> 60001 | D1489: CEDI CAUCASIA | E1489: =VLOOKUP(D1489,hoja!$A$1:$E$161,5,FALSE) -> CAUCASIA | F1489: =VLOOKUP(D1489,hoja!A:C,3,FALSE) -> 0384 | G1489: 21.766667 | H1489: 1 | I1489: 274042
A1490: PARQUEADERO EL PEAJITO | B1490: =VLOOKUP(A1490,hoja!$A$1:$E$161,5,FALSE) -> MEDELLÍN | C1490: =VLOOKUP(A1490,hoja!A:D,3,FALSE) -> 60001 | D1490: CEDI CHIGORODO | E1490: =VLOOKUP(D1490,hoja!$A$1:$E$161,5,FALSE) -> CHIGORODÓ | F1490: =VLOOKUP(D1490,hoja!A:C,3,FALSE) -> 0074 | G1490: 22.466667 | H1490: 170 | I1490: 295671.5
A1491: PARQUEADERO EL PEAJITO | B1491: =VLOOKUP(A1491,hoja!$A$1:$E$161,5,FALSE) -> MEDELLÍN | C1491: =VLOOKUP(A1491,hoja!A:D,3,FALSE) -> 60001 | D1491: CEDI ITAGUI | E1491: =VLOOKUP(D1491,hoja!$A$1:$E$161,5,FALSE) -> MEDELLÍN | F1491: =VLOOKUP(D1491,hoja!A:C,3,FALSE) -> 0292 | G1491: 0.60930556 | H1491: 104 | I1491: 22819
A1492: PARQUEADERO EL PEAJITO | B1492: =VLOOKUP(A1492,hoja!$A$1:$E$161,5,FALSE) -> MEDELLÍN | C1492: =VLOOKUP(A1492,hoja!A:D,3,FALSE) -> 60001 | D1492: CEDI JAMUNDI | E1492: =VLOOKUP(D1492,hoja!$A$1:$E$161,5,FALSE) -> JAMUNDÍ | F1492: =VLOOKUP(D1492,hoja!A:C,3,FALSE) -> 0358 | G1492: 41.316667 | H1492: 1 | I1492: 413119
A1493: PARQUEADERO EL PEAJITO | B1493: =VLOOKUP(A1493,hoja!$A$1:$E$161,5,FALSE) -> MEDELLÍN | C1493: =VLOOKUP(A1493,hoja!A:D,3,FALSE) -> 60001 | D1493: CEDI MANIZALES | E1493: =VLOOKUP(D1493,hoja!$A$1:$E$161,5,FALSE) -> MANIZALES | F1493: =VLOOKUP(D1493,hoja!A:C,3,FALSE) -> 0145 | G1493: 36.266667 | H1493: 3 | I1493: 729252
A1494: PARQUEADERO EL PEAJITO | B1494: =VLOOKUP(A1494,hoja!$A$1:$E$161,5,FALSE) -> MEDELLÍN | C1494: =VLOOKUP(A1494,hoja!A:D,3,FALSE) -> 60001 | D1494: CEDI RIONEGRO | E1494: =VLOOKUP(D1494,hoja!$A$1:$E$161,5,FALSE) -> RIONEGRO | F1494: =VLOOKUP(D1494,hoja!A:C,3,FALSE) -> 0090 | G1494: 8.4166667 | H1494: 2 | I1494: 46130
A1495: PARQUEADERO EL PEAJITO | B1495: =VLOOKUP(A1495,hoja!$A$1:$E$161,5,FALSE) -> MEDELLÍN | C1495: =VLOOKUP(A1495,hoja!A:D,3,FALSE) -> 60001 | D1495: CEDI SANTA MARTA | E1495: =VLOOKUP(D1495,hoja!$A$1:$E$161,5,FALSE) -> SANTA MARTA | F1495: =VLOOKUP(D1495,hoja!A:C,3,FALSE) -> 0118 | G1495: 35.783333 | H1495: 14 | I1495: 818155
A1496: PARQUEADERO EL PEAJITO | B1496: =VLOOKUP(A1496,hoja!$A$1:$E$161,5,FALSE) -> MEDELLÍN | C1496: =VLOOKUP(A1496,hoja!A:D,3,FALSE) -> 60001 | D1496: CEDI SINCELEJO | E1496: =VLOOKUP(D1496,hoja!$A$1:$E$161,5,FALSE) -> SINCELEJO | F1496: =VLOOKUP(D1496,hoja!A:C,3,FALSE) -> 0382 | G1496: 26.683333 | H1496: 4 | I1496: 437143
A1497: PARQUEADERO EL PEAJITO | B1497: =VLOOKUP(A1497,hoja!$A$1:$E$161,5,FALSE) -> MEDELLÍN | C1497: =VLOOKUP(A1497,hoja!A:D,3,FALSE) -> 60001 | D1497: CENTRAL CERVECERA - SESQUILE | E1497: =VLOOKUP(D1497,hoja!$A$1:$E$161,5,FALSE) -> SESQUILÉ | F1497: =VLOOKUP(D1497,hoja!A:C,3,FALSE) -> 1501 | G1497: 27.2 | H1497: 7 | I1497: 467464
A1498: PARQUEADERO EL PEAJITO | B1498: =VLOOKUP(A1498,hoja!$A$1:$E$161,5,FALSE) -> MEDELLÍN | C1498: =VLOOKUP(A1498,hoja!A:D,3,FALSE) -> 60001 | D1498: GASCOL CENTRO | E1498: =VLOOKUP(D1498,hoja!$A$1:$E$161,5,FALSE) -> BOGOTÁ | F1498: =VLOOKUP(D1498,hoja!A:C,3,FALSE) -> 0002 | G1498: 31.266667 | H1498: 9 | I1498: 416733
... A1725: PELDAR VIDRIO | B1725: =VLOOKUP(A1725,hoja!$A$1:$E$161,5,FALSE) -> #N/A | C1725: =VLOOKUP(A1725,hoja!A:D,3,FALSE) -> 50686 | D1725: GASCOL SUR | E1725: =VLOOKUP(D1725,hoja!$A$1:$E$161,5,FALSE) -> BOGOTÁ | F1725: =VLOOKUP(D1725,hoja!A:C,3,FALSE) -> 0011 | G1725: 3.3 | H1725: 1 | I1725: 58845
A1726: PELDAR VIDRIO | B1726: =VLOOKUP(A1726,hoja!$A$1:$E$161,5,FALSE) -> #N/A | C1726: =VLOOKUP(A1726,hoja!A:D,3,FALSE) -> 50686 | D1726: GASEOSAS LUX BOGOTA | E1726: =VLOOKUP(D1726,hoja!$A$1:$E$161,5,FALSE) -> BOGOTÁ | F1726: =VLOOKUP(D1726,hoja!A:C,3,FALSE) -> 0021 | G1726: 3.35 | H1726: 1
A1727: PEPSICO FUNZA | B1727: =VLOOKUP(A1727,hoja!$A$1:$E$161,5,FALSE) -> #N/A | C1727: =VLOOKUP(A1727,hoja!A:D,3,FALSE) -> 50268 | D1727: GASEOSAS LUX BOGOTA | E1727: =VLOOKUP(D1727,hoja!$A$1:$E$161,5,FALSE) -> BOGOTÁ | F1727: =VLOOKUP(D1727,hoja!A:C,3,FALSE) -> 0021 | G1727: 0 | H1727: 1 | I1727: 413396
A1728: PEPSICO SIBERIA | B1728: =VLOOKUP(A1728,hoja!$A$1:$E$161,5,FALSE) -> #N/A | C1728: =VLOOKUP(A1728,hoja!A:D,3,FALSE) -> 60108 | D1728: CALOTO-NGB | E1728: =VLOOKUP(D1728,hoja!$A$1:$E$161,5,FALSE) -> CALOTO | F1728: =VLOOKUP(D1728,hoja!A:C,3,FALSE) -> 0445 | G1728: 35.15 | H1728: 2 | I1728: 489846.5
A1729: PEPSICO SIBERIA | B1729: =VLOOKUP(A1729,hoja!$A$1:$E$161,5,FALSE) -> #N/A | C1729: =VLOOKUP(A1729,hoja!A:D,3,FALSE) -> 60108 | D1729: GASCOL CENTRO | E1729: =VLOOKUP(D1729,hoja!$A$1:$E$161,5,FALSE) -> BOGOTÁ | F1729: =VLOOKUP(D1729,hoja!A:C,3,FALSE) -> 0002 | G1729: 2.1683333 | H1729: 1 | I1729: 26295
A1730: PEPSICO SIBERIA | B1730: =VLOOKUP(A1730,hoja!$A$1:$E$161,5,FALSE) -> #N/A | C1730: =VLOOKUP(A1730,hoja!A:D,3,FALSE) -> 60108 | D1730: GASEOSAS LUX BOGOTA | E1730: =VLOOKUP(D1730,hoja!$A$1:$E$161,5,FALSE) -> BOGOTÁ | F1730: =VLOOKUP(D1730,hoja!A:C,3,FALSE) -> 0021 | G1730: 1.1833333 | H1730: 1 | I1730: 17584
A1731: PLANTA ALQUERIA CAJICA | B1731: =VLOOKUP(A1731,hoja!$A$1:$E$161,5,FALSE) -> CAJICÁ | C1731: =VLOOKUP(A1731,hoja!A:D,3,FALSE) -> 50486 | D1731: AIR LIQUIDE | E1731: =VLOOKUP(D1731,hoja!$A$1:$E$161,5,FALSE) -> #N/A | F1731: =VLOOKUP(D1731,hoja!A:C,3,FALSE) -> #N/A | G1731: 0.86666667 | H1731: 1 | I1731: 17110
A1732: PLANTA ALQUERIA CAJICA | B1732: =VLOOKUP(A1732,hoja!$A$1:$E$161,5,FALSE) -> CAJICÁ | C1732: =VLOOKUP(A1732,hoja!A:D,3,FALSE) -> 50486 | D1732: CARGUE CO2 | E1732: =VLOOKUP(D1732,hoja!$A$1:$E$161,5,FALSE) -> #N/A | F1732: =VLOOKUP(D1732,hoja!A:C,3,FALSE) -> 50364 | G1732: 22.578889 | H1732: 1 | I1732: 33999
A1733: PLANTA IBERPLAST | B1733: =VLOOKUP(A1733,hoja!$A$1:$E$161,5,FALSE) -> MADRID | C1733: =VLOOKUP(A1733,hoja!A:D,3,FALSE) -> 2023 | D1733: CALOTO-NGB | E1733: =VLOOKUP(D1733,hoja!$A$1:$E$161,5,FALSE) -> CALOTO | F1733: =VLOOKUP(D1733,hoja!A:C,3,FALSE) -> 0445 | G1733: 25.525 | H1733: 34 | I1733: 483095
A1734: PLANTA IBERPLAST | B1734: =VLOOKUP(A1734,hoja!$A$1:$E$161,5,FALSE) -> MADRID | C1734: =VLOOKUP(A1734,hoja!A:D,3,FALSE) -> 2023 | D1734: CEDI CALLE 80 | E1734: =VLOOKUP(D1734,hoja!$A$1:$E$161,5,FALSE) -> BOGOTÁ | F1734: =VLOOKUP(D1734,hoja!A:C,3,FALSE) -> 0035 | G1734: 0.68333333 | H1734: 27 | I1734: 17645
A1735: PLANTA IBERPLAST | B1735: =VLOOKUP(A1735,hoja!$A$1:$E$161,5,FALSE) -> MADRID | C1735: =VLOOKUP(A1735,hoja!A:D,3,FALSE) -> 2023 | D1735: CEDI CARTAGENA | E1735: =VLOOKUP(D1735,hoja!$A$1:$E$161,5,FALSE) -> CARTAGENA | F1735: =VLOOKUP(D1735,hoja!A:C,3,FALSE) -> 0113 | G1735: 50.136528 | H1735: 2 | I1735: 1103688.5
A1736: PLANTA IBERPLAST | B1736: =VLOOKUP(A1736,hoja!$A$1:$E$161,5,FALSE) -> MADRID | C1736: =VLOOKUP(A1736,hoja!A:D,3,FALSE) -> 2023 | D1736: CEDI MADRID | E1736: =VLOOKUP(D1736,hoja!$A$1:$E$161,5,FALSE) -> MADRID | F1736: =VLOOKUP(D1736,hoja!A:C,3,FALSE) -> 0022 | G1736: 0.1 | H1736: 3 | I1736: 1123
A1737: PLANTA IBERPLAST | B1737: =VLOOKUP(A1737,hoja!$A$1:$E$161,5,FALSE) -> MADRID | C1737: =VLOOKUP(A1737,hoja!A:D,3,FALSE) -> 2023 | D1737: CENTRAL CERVECERA - SESQUILE | E1737: =VLOOKUP(D1737,hoja!$A$1:$E$161,5,FALSE) -> SESQUILÉ | F1737: =VLOOKUP(D1737,hoja!A:C,3,FALSE) -> 1501 | G1737: 2.8833333 | H1737: 7 | I1737: 71040
A1738: PLANTA IBERPLAST | B1738: =VLOOKUP(A1738,hoja!$A$1:$E$161,5,FALSE) -> MADRID | C1738: =VLOOKUP(A1738,hoja!A:D,3,FALSE) -> 2023 | D1738: GASCOL AGUAS | E1738: =VLOOKUP(D1738,hoja!$A$1:$E$161,5,FALSE) -> BOGOTÁ | F1738: =VLOOKUP(D1738,hoja!A:C,3,FALSE) -> 0002A | G1738: 0.95 | H1738: 221 | I1738: 25389
... A1982: POSTOBON MEDELLIN | B1982: =VLOOKUP(A1982,hoja!$A$1:$E$161,5,FALSE) -> MEDELLÍN | C1982: =VLOOKUP(A1982,hoja!A:D,3,FALSE) -> 0092 | D1982: CEDI SANTA MARTA | E1982: =VLOOKUP(D1982,hoja!$A$1:$E$161,5,FALSE) -> SANTA MARTA | F1982: =VLOOKUP(D1982,hoja!A:C,3,FALSE) -> 0118 | G1982: 39.615139 | H1982: 68 | I1982: 838594.5
A1983: POSTOBON MEDELLIN | B1983: =VLOOKUP(A1983,hoja!$A$1:$E$161,5,FALSE) -> MEDELLÍN | C1983: =VLOOKUP(A1983,hoja!A:D,3,FALSE) -> 0092 | D1983: CEDI SINCELEJO | E1983: =VLOOKUP(D1983,hoja!$A$1:$E$161,5,FALSE) -> SINCELEJO | F1983: =VLOOKUP(D1983,hoja!A:C,3,FALSE) -> 0382 | G1983: 0.1 | H1983: 1
A1984: POSTOBON MEDELLIN | B1984: =VLOOKUP(A1984,hoja!$A$1:$E$161,5,FALSE) -> MEDELLÍN | C1984: =VLOOKUP(A1984,hoja!A:D,3,FALSE) -> 0092 | D1984: ENKA DE COLOMBIA | E1984: =VLOOKUP(D1984,hoja!$A$1:$E$161,5,FALSE) -> #N/A | F1984: =VLOOKUP(D1984,hoja!A:C,3,FALSE) -> 3038 | G1984: 2.0166667 | H1984: 1
A1985: POSTOBON MEDELLIN | B1985: =VLOOKUP(A1985,hoja!$A$1:$E$161,5,FALSE) -> MEDELLÍN | C1985: =VLOOKUP(A1985,hoja!A:D,3,FALSE) -> 0092 | D1985: GASCOL CENTRO | E1985: =VLOOKUP(D1985,hoja!$A$1:$E$161,5,FALSE) -> BOGOTÁ | F1985: =VLOOKUP(D1985,hoja!A:C,3,FALSE) -> 0002 | G1985: 26.883333 | H1985: 15 | I1985: 438673
A1986: POSTOBON MEDELLIN | B1986: =VLOOKUP(A1986,hoja!$A$1:$E$161,5,FALSE) -> MEDELLÍN | C1986: =VLOOKUP(A1986,hoja!A:D,3,FALSE) -> 0092 | D1986: GASCOL SUR | E1986: =VLOOKUP(D1986,hoja!$A$1:$E$161,5,FALSE) -> BOGOTÁ | F1986: =VLOOKUP(D1986,hoja!A:C,3,FALSE) -> 0011 | G1986: 27.758333 | H1986: 18 | I1986: 439842.5
A1987: POSTOBON MEDELLIN | B1987: =VLOOKUP(A1987,hoja!$A$1:$E$161,5,FALSE) -> MEDELLÍN | C1987: =VLOOKUP(A1987,hoja!A:D,3,FALSE) -> 0092 | D1987: GASEOSAS LUX BOGOTA | E1987: =VLOOKUP(D1987,hoja!$A$1:$E$161,5,FALSE) -> BOGOTÁ | F1987: =VLOOKUP(D1987,hoja!A:C,3,FALSE) -> 0021 | G1987: 24.7 | H1987: 147 | I1987: 432060
A1988: POSTOBON MEDELLIN | B1988: =VLOOKUP(A1988,hoja!$A$1:$E$161,5,FALSE) -> MEDELLÍN | C1988: =VLOOKUP(A1988,hoja!A:D,3,FALSE) -> 0092 | D1988: GASEOSAS LUX CUCUTA | E1988: =VLOOKUP(D1988,hoja!$A$1:$E$161,5,FALSE) -> CÚCUTA | F1988: =VLOOKUP(D1988,hoja!A:C,3,FALSE) -> 0438 | G1988: 44.35 | H1988: 3 | I1988: 597319
A1989: POSTOBON MEDELLIN | B1989: =VLOOKUP(A1989,hoja!$A$1:$E$161,5,FALSE) -> MEDELLÍN | C1989: =VLOOKUP(A1989,hoja!A:D,3,FALSE) -> 0092 | D1989: GASEOSAS LUX MONTERIA | E1989: =VLOOKUP(D1989,hoja!$A$1:$E$161,5,FALSE) -> MONTERÍA | F1989: =VLOOKUP(D1989,hoja!A:C,3,FALSE) -> 0381 | G1989: 23.583333 | H1989: 4 | I1989: 416032
A1990: POSTOBON MEDELLIN | B1990: =VLOOKUP(A1990,hoja!$A$1:$E$161,5,FALSE) -> MEDELLÍN | C1990: =VLOOKUP(A1990,hoja!A:D,3,FALSE) -> 0092 | D1990: GASEOSAS LUX NEIVA | E1990: =VLOOKUP(D1990,hoja!$A$1:$E$161,5,FALSE) -> NEIVA | F1990: =VLOOKUP(D1990,hoja!A:C,3,FALSE) -> 0385 | G1990: 38.008889 | H1990: 6 | I1990: 587216
A1991: POSTOBON MEDELLIN | B1991: =VLOOKUP(A1991,hoja!$A$1:$E$161,5,FALSE) -> MEDELLÍN | C1991: =VLOOKUP(A1991,hoja!A:D,3,FALSE) -> 0092 | D1991: GASEOSAS LUX PASTO | E1991: =VLOOKUP(D1991,hoja!$A$1:$E$161,5,FALSE) -> PASTO | F1991: =VLOOKUP(D1991,hoja!A:C,3,FALSE) -> 0395 | G1991: 69.083333 | H1991: 3 | I1991: 840541
A1992: POSTOBON MEDELLIN | B1992: =VLOOKUP(A1992,hoja!$A$1:$E$161,5,FALSE) -> MEDELLÍN | C1992: =VLOOKUP(A1992,hoja!A:D,3,FALSE) -> 0092 | D1992: GASEOSAS LUX PIEDECUESTA | E1992: =VLOOKUP(D1992,hoja!$A$1:$E$161,5,FALSE) -> PIEDECUESTA | F1992: =VLOOKUP(D1992,hoja!A:C,3,FALSE) -> 0422 | G1992: 21.891667 | H1992: 60 | I1992: 403701.5
A1993: POSTOBON MEDELLIN | B1993: =VLOOKUP(A1993,hoja!$A$1:$E$161,5,FALSE) -> MEDELLÍN | C1993: =VLOOKUP(A1993,hoja!A:D,3,FALSE) -> 0092 | D1993: GASEOSAS LUX VALLEDUPAR | E1993: =VLOOKUP(D1993,hoja!$A$1:$E$161,5,FALSE) -> VALLEDUPAR | F1993: =VLOOKUP(D1993,hoja!A:C,3,FALSE) -> 0447 | G1993: 38.1 | H1993: 19 | I1993: 733594
A1994: POSTOBON MEDELLIN | B1994: =VLOOKUP(A1994,hoja!$A$1:$E$161,5,FALSE) -> MEDELLÍN | C1994: =VLOOKUP(A1994,hoja!A:D,3,FALSE) -> 0092 | D1994: HOT FILL PARQUE INDUSTRIAL LA REGIONAL | E1994: =VLOOKUP(D1994,hoja!$A$1:$E$161,5,FALSE) -> RIONEGRO | F1994: =VLOOKUP(D1994,hoja!A:C,3,FALSE) -> 3041 | G1994: 1.3666667 | H1994: 3 | I1994: 46921
A1995: POSTOBON MEDELLIN | B1995: =VLOOKUP(A1995,hoja!$A$1:$E$161,5,FALSE) -> MEDELLÍN | C1995: =VLOOKUP(A1995,hoja!A:D,3,FALSE) -> 0092 | D1995: KENWORTH DE LA MONTAÑA S.A.S. Itagui | E1995: =VLOOKUP(D1995,hoja!$A$1:$E$161,5,FALSE) -> #N/A | F1995: =VLOOKUP(D1995,hoja!A:C,3,FALSE) -> 50787 | G1995: 0.29166667 | H1995: 4 | I1995: 5644
A1996: POSTOBON MEDELLIN | B1996: =VLOOKUP(A1996,hoja!$A$1:$E$161,5,FALSE) -> MEDELLÍN | C1996: =VLOOKUP(A1996,hoja!A:D,3,FALSE) -> 0092 | D1996: NAVITRANS S.A.S. MEDELLIN | E1996: =VLOOKUP(D1996,hoja!$A$1:$E$161,5,FALSE) -> #N/A | F1996: =VLOOKUP(D1996,hoja!A:C,3,FALSE) -> #N/A | G1996: 0.10833333 | H1996: 2 | I1996: 3187.5
... A2179: PUERTO DE BARRANQUILLA | B2179: =VLOOKUP(A2179,hoja!$A$1:$E$161,5,FALSE) -> BARRANQUILLA | C2179: =VLOOKUP(A2179,hoja!A:D,3,FALSE) -> 3000 | D2179: AIR LIQUIDE | E2179: =VLOOKUP(D2179,hoja!$A$1:$E$161,5,FALSE) -> #N/A | F2179: =VLOOKUP(D2179,hoja!A:C,3,FALSE) -> #N/A | G2179: 45.15 | H2179: 3 | I2179: 1017783
A2180: PUERTO DE BARRANQUILLA | B2180: =VLOOKUP(A2180,hoja!$A$1:$E$161,5,FALSE) -> BARRANQUILLA | C2180: =VLOOKUP(A2180,hoja!A:D,3,FALSE) -> 3000 | D2180: POSTOBON MALAMBO | E2180: =VLOOKUP(D2180,hoja!$A$1:$E$161,5,FALSE) -> BARRANQUILLA | F2180: =VLOOKUP(D2180,hoja!A:C,3,FALSE) -> 0111 | G2180: 0.825 | H2180: 2
A2181: PUERTO DE BARRANQUILLA | B2181: =VLOOKUP(A2181,hoja!$A$1:$E$161,5,FALSE) -> BARRANQUILLA | C2181: =VLOOKUP(A2181,hoja!A:D,3,FALSE) -> 3000 | D2181: PUERTO CONTECAR | E2181: =VLOOKUP(D2181,hoja!$A$1:$E$161,5,FALSE) -> #N/A | F2181: =VLOOKUP(D2181,hoja!A:C,3,FALSE) -> #N/A | G2181: 21.166667 | H2181: 1 | I2181: 107972
A2182: PUNTO DE INTERCAMBIO BUGA | B2182: =VLOOKUP(A2182,hoja!$A$1:$E$161,5,FALSE) -> BUGA | C2182: =VLOOKUP(A2182,hoja!A:D,3,FALSE) -> 60062 | D2182: POSTOBON YUMBO | E2182: =VLOOKUP(D2182,hoja!$A$1:$E$161,5,FALSE) -> CALI | F2182: =VLOOKUP(D2182,hoja!A:C,3,FALSE) -> 0410 | G2182: 1.2627778 | H2182: 165 | I2182: 57403
A2183: PUNTO DE INTERCAMBIO CARMEN DE BOLIVAR | B2183: =VLOOKUP(A2183,hoja!$A$1:$E$161,5,FALSE) -> CARMEN DE BOLIVA | C2183: =VLOOKUP(A2183,hoja!A:D,3,FALSE) -> 60063 | D2183: CEDI CAUCASIA | E2183: =VLOOKUP(D2183,hoja!$A$1:$E$161,5,FALSE) -> CAUCASIA | F2183: =VLOOKUP(D2183,hoja!A:C,3,FALSE) -> 0384 | G2183: 6.0420833 | H2183: 6 | I2183: 248953
A2184: PUNTO DE INTERCAMBIO CARMEN DE BOLIVAR | B2184: =VLOOKUP(A2184,hoja!$A$1:$E$161,5,FALSE) -> CARMEN DE BOLIVA | C2184: =VLOOKUP(A2184,hoja!A:D,3,FALSE) -> 60063 | D2184: GASEOSAS LUX MONTERIA | E2184: =VLOOKUP(D2184,hoja!$A$1:$E$161,5,FALSE) -> MONTERÍA | F2184: =VLOOKUP(D2184,hoja!A:C,3,FALSE) -> 0381 | G2184: 3.6941667 | H2184: 89 | I2184: 177692
A2185: PUNTO DE INTERCAMBIO CARMEN DE BOLIVAR | B2185: =VLOOKUP(A2185,hoja!$A$1:$E$161,5,FALSE) -> CARMEN DE BOLIVA | C2185: =VLOOKUP(A2185,hoja!A:D,3,FALSE) -> 60063 | D2185: POSTOBON MALAMBO | E2185: =VLOOKUP(D2185,hoja!$A$1:$E$161,5,FALSE) -> BARRANQUILLA | F2185: =VLOOKUP(D2185,hoja!A:C,3,FALSE) -> 0111 | G2185: 3.1066667 | H2185: 89 | I2185: 153894
A2186: PUNTO DE INTERCAMBIO CARMEN DE BOLIVAR | B2186: =VLOOKUP(A2186,hoja!$A$1:$E$161,5,FALSE) -> CARMEN DE BOLIVA | C2186: =VLOOKUP(A2186,hoja!A:D,3,FALSE) -> 60063 | D2186: PUNTO DE INTERCAMBIO LA YE | E2186: =VLOOKUP(D2186,hoja!$A$1:$E$161,5,FALSE) -> #N/A | F2186: =VLOOKUP(D2186,hoja!A:C,3,FALSE) -> #N/A | G2186: 3.8333333 | H2186: 1 | I2186: 130108
A2187: Punto de intercambio Cartago | B2187: =VLOOKUP(A2187,hoja!$A$1:$E$161,5,FALSE) -> Pereira-Eficiente destino Yumb | C2187: =VLOOKUP(A2187,hoja!A:D,3,FALSE) -> 60064 | D2187: NUTRIUM | E2187: =VLOOKUP(D2187,hoja!$A$1:$E$161,5,FALSE) -> #N/A | F2187: =VLOOKUP(D2187,hoja!A:C,3,FALSE) -> #N/A | G2187: 1.4666667 | H2187: 3 | I2187: 93308
A2188: Punto de intercambio Cartago | B2188: =VLOOKUP(A2188,hoja!$A$1:$E$161,5,FALSE) -> Pereira-Eficiente destino Yumb | C2188: =VLOOKUP(A2188,hoja!A:D,3,FALSE) -> 60064 | D2188: POSTOBON YUMBO | E2188: =VLOOKUP(D2188,hoja!$A$1:$E$161,5,FALSE) -> CALI | F2188: =VLOOKUP(D2188,hoja!A:C,3,FALSE) -> 0410 | G2188: 2.9229167 | H2188: 498 | I2188: 168861
A2189: Punto de intercambio Chachagui | B2189: =VLOOKUP(A2189,hoja!$A$1:$E$161,5,FALSE) -> CHACHAGUI | C2189: =VLOOKUP(A2189,hoja!A:D,3,FALSE) -> 60065 | D2189: GASEOSAS LUX PASTO | E2189: =VLOOKUP(D2189,hoja!$A$1:$E$161,5,FALSE) -> PASTO | F2189: =VLOOKUP(D2189,hoja!A:C,3,FALSE) -> 0395 | G2189: 1.0922222 | H2189: 297 | I2189: 29804
A2190: Punto de intercambio Chachagui | B2190: =VLOOKUP(A2190,hoja!$A$1:$E$161,5,FALSE) -> CHACHAGUI | C2190: =VLOOKUP(A2190,hoja!A:D,3,FALSE) -> 60065 | D2190: POSTOBON YUMBO | E2190: =VLOOKUP(D2190,hoja!$A$1:$E$161,5,FALSE) -> CALI | F2190: =VLOOKUP(D2190,hoja!A:C,3,FALSE) -> 0410 | G2190: 0.96666667 | H2190: 13 | I2190: 31765
A2191: PUNTO DE INTERCAMBIO CHINU | B2191: =VLOOKUP(A2191,hoja!$A$1:$E$161,5,FALSE) -> CHINÚ | C2191: =VLOOKUP(A2191,hoja!A:D,3,FALSE) -> 60066 | D2191: CEDI CAUCASIA | E2191: =VLOOKUP(D2191,hoja!$A$1:$E$161,5,FALSE) -> CAUCASIA | F2191: =VLOOKUP(D2191,hoja!A:C,3,FALSE) -> 0384 | G2191: 3.5025 | H2191: 47 | I2191: 160170
A2192: PUNTO DE INTERCAMBIO CHINU | B2192: =VLOOKUP(A2192,hoja!$A$1:$E$161,5,FALSE) -> CHINÚ | C2192: =VLOOKUP(A2192,hoja!A:D,3,FALSE) -> 60066 | D2192: CEDI SINCELEJO | E2192: =VLOOKUP(D2192,hoja!$A$1:$E$161,5,FALSE) -> SINCELEJO | F2192: =VLOOKUP(D2192,hoja!A:C,3,FALSE) -> 0382 | G2192: 1.6236111 | H2192: 2 | I2192: 21366
... A2240: PUNTO DE INTERCAMBIO LA YE | B2240: =VLOOKUP(A2240,hoja!$A$1:$E$161,5,FALSE) -> #N/A | C2240: =VLOOKUP(A2240,hoja!A:D,3,FALSE) -> #N/A | D2240: CEDI CAUCASIA | E2240: =VLOOKUP(D2240,hoja!$A$1:$E$161,5,FALSE) -> CAUCASIA | F2240: =VLOOKUP(D2240,hoja!A:C,3,FALSE) -> 0384 | G2240: 2.7441667 | H2240: 1 | I2240: 107515
...

Sheet Ciudades_RNDC
A1: ciudad origen
A2: MANIZALES
A3: PALMIRA
A4: POPAYAN
A5: SAMACA
A6: SOCHA
A7: YUMBO
A8: YUMBO VALLE DEL CAUCA
A9: ABREGO NORTE DE SANTANDER
A10: ACACIAS META
A11: ADJUNTAS AGUACHICA CESAR
A12: AEROPUERTO RIONEGRO ANTIOQUIA
... A468: ZONA BANANERA MAGDALENA

Sheet Hoja4
A1: 8101 | B1: AIRLQSI | F1: ORIGEN | G1: COD | H1: MAESTRA
A2: 0445 | B2: CALOT | F2: KTULU | G2: 50184 | H2: =VLOOKUP(G2,hoja!C:I,7,FALSE) -> #N/A
A3: 0437 | B3: AGUAC | F3: CENCBOG | G3: 50709
A4: 0146 | B4: ANSER | F4: KYECOCA | G4: 50244
A5: 0119 | B5: ARACA | F5: VIO | G5: 393
A6: 0142 | B6: ARMEN | F6: CORDO | G6: 50565
A7: 0446 | B7: BARBO | F7: PTOTOLU | G7: 50184
A8: 0449 | B8: BOSCO | F8: KARTM | G8: 3051
A9: 0131 | B9: BTURA | F9: KCVAL | G9: 60160
A10: 0411 | B10: BUGA | F10: COLTE | G10: 50688
A11: 0035 | B11: CALLE | F11: KVIVER | G11: 50610
A12: 0113 | B12: CARTA | F12: WEDEP21 | G12: 50232
A13: 0384 | B13: CAUCA | F13: KPINC | G13: 50690
A14: 0074 | B14: CHIGO | F14: NUMALAM | G14: 50257
... A77: 0410 | B77: YUMBO | F77: KPIPI | G77: 50693
A78: 3001 | B78: PBTURA | F78: KSTOM | G78: 50694
A79: 3002 | B79: PCONTE
A80: 3000 | B80: PBQLLA
A81: 60062 | B81: PBUGA
A82: 60063 | B82: PCARM
A83: 60064 | B83: PCTAGO
A84: 60065 | B84: PCHACH
A85: 60066 | B85: PCHINU
A86: 60067 | B86: PDOSQU
A87: 60068 | B87: PMOLIN
A88: 60069 | B88: PCUCUT
A89: 60070 | B89: PPAMPL
A90: 3042 | B90: PGUAND
... A214: 60131 | B214: KCEJA
A215: 60132 | B215: KUNION
A216: 60133 | B216: KGUAT
A217: 60134 | B217: KENTRIO
A218: 60135 | B218: CARAMA
A219: 60136 | B219: KINDURES
A220: 60137 | B220: KBODPUM
A221: 60139 | B221: KTURB
A222: 60140 | B222: KVALDIV
A223: 60100 | B223: AIRGAM
A224: 60142 | B224: KARMEN
A225: 1502 | B225: ZONAF
A226: 60144 | B226: KBARRA
A227: 60145 | B227: KFUSA
A228: 60146 | B228: KLERIDA
A229: 60147 | B229: KMADRID
... A736: 50675 | B736: CSMRT

Sheet Hoja2
A1: RUTA_ID | B1: RUTA_TXT | C1: RUTA_ORIGEN | D1: RUTA_DESTINO | E1: RUTA_ORIGEN_TXT | F1: RUTA_DESTINO_TXT | G1: RUTA_KM | H1: Clasificación | I1: Rango Km | J1: Clasificacion 2
A2: 00210417 | B2: Gaseosas Lux Bogota_CEDI Aguachica | C2: 0021 | D2: 0417 | E2: Gaseosas Lux Bogota | F2: CEDI Aguachica | G2: 580 | H2: Interregional Cerca | I2: 401 - 600 | J2: NACIONAL CERCA
A3: 00210437 | B3: Gaseosas Lux Bogota_CEDI Aguachica | C3: 0021 | D3: 0437 | E3: Gaseosas Lux Bogota | F3: CEDI Aguachica | G3: 580 | H3: Interregional Cerca | I3: 401 - 600 | J3: NACIONAL CERCA
A4: 00210146 | B4: Lux Bogota_CEDI Anserma | C4: 0021 | D4: 0146 | E4: Gaseosas Lux Bogota | F4: CEDI Anserma | G4: 384 | H4: Interregional Cerca | I4: 201 - 400 | J4: REGIONAL
A5: 00210119 | B5: Gaseosas Lux Bogota_CEDI Aracataca | C5: 0021 | D5: 0119 | E5: Gaseosas Lux Bogota | F5: CEDI Aracataca | G5: 881 | H5: Interregional Lejos | I5: 801 - 1000 | J5: NACIONAL LEJOS
A6: 00210428 | B6: Gaseosas Lux Bogota_CEDI Barbosa | C6: 0021 | D6: 0428 | E6: Gaseosas Lux Bogota | F6: CEDI Barbosa | G6: 202 | H6: Interregional Cerca | I6: 201 - 400 | J6: REGIONAL
A7: 00210446 | B7: Gaseosas Lux Bogota_CEDI Barbosa | C7: 0021 | D7: 0446 | E7: Gaseosas Lux Bogota | F7: CEDI Barbosa | G7: 202 | H7: Interregional Cerca | I7: 201 - 400 | J7: REGIONAL
A8: 00210431 | B8: Lux Bogota_CEDI Bosconia | C8: 0021 | D8: 0431 | E8: Lux Bogota | F8: CEDI Bosconia | G8: 810 | H8: Interregional Lejos | I8: 801 - 1000 | J8: NACIONAL LEJOS
A9: 00210449 | B9: Lux Bogota_CEDI Bosconia | C9: 0021 | D9: 0449 | E9: Lux Bogota | F9: CEDI Bosconia | G9: 810 | H9: Interregional Lejos | I9: 801 - 1000 | J9: NACIONAL LEJOS
A10: 00210411 | B10: Gaseosas Lux Bogota_CEDI Buga | C10: 0021 | D10: 0411 | E10: Gaseosas Lux Bogota | F10: CEDI Buga | G10: 410 | H10: Interregional Cerca | I10: 401 - 600 | J10: NACIONAL CERCA
A11: 00210035 | B11: Gaseosas Lux Bogota_CEDI Calle 80 | C11: 0021 | D11: 0035 | E11: Gaseosas Lux Bogota | F11: CEDI Calle 80 | G11: 28 | H11: Urbano | I11: 0 - 50 | J11: URBANO
A12: 00210117 | B12: Gaseosas Lux Bogota_CEDI Caucasia | C12: 0021 | D12: 0117 | E12: Gaseosas Lux Bogota | F12: CEDI Caucasia | G12: 739 | H12: Interregional Cerca | I12: 601 - 800 | J12: NACIONAL CERCA
A13: 00210384 | B13: Gaseosas Lux Bogota_CEDI Caucasia | C13: 0021 | D13: 0384 | E13: Gaseosas Lux Bogota | F13: CEDI Caucasia | G13: 739 | H13: Interregional Cerca | I13: 601 - 800 | J13: NACIONAL CERCA
... A1455: 04410423 | B1455: Caloto_Gaseosas Lux Piedecuesta | C1455: 0441 | D1455: 0423 | E1455: Gaseosas Lux Duitama | F1455: CEDI Pinchote | G1455: 213 | H1455: Interregional Cerca | I1455: 201 - 400 | J1455: REGIONAL
A1456: 15012044 | B1456: CENTRAL CERVECERA - SESQUILE_BAVARIA TONCACIPÁ | C1456: 1501 | D1456: 2044 | E1456: CENTRAL CERVECERA - SESQUILE | F1456: BAVARIA TONCACIPÁ | G1456: 19 | H1456: Urbano | J1456: URBANO
A1457: 15010437 | B1457: CENTRAL CERVECERA - SESQUILE_CEDI AGUACHICA | C1457: 1501 | D1457: 0437 | E1457: CENTRAL CERVECERA - SESQUILE | F1457: CEDI AGUACHICA | G1457: 550 | H1457: Interregional Cerca | J1457: NACIONAL CERCA
A1458: 15010146 | B1458: CENTRAL CERVECERA - SESQUILE_CEDI ANSERMA | C1458: 1501 | D1458: 0146 | E1458: CENTRAL CERVECERA - SESQUILE | F1458: CEDI ANSERMA | G1458: 412 | H1458: Interregional Cerca | J1458: NACIONAL CERCA
A1459: 15010119 | B1459: CENTRAL CERVECERA - SESQUILE_CEDI ARACATACA | C1459: 1501 | D1459: 0119 | E1459: CENTRAL CERVECERA - SESQUILE | F1459: CEDI ARACATACA | G1459: 925 | H1459: Interregional Lejos | J1459: NACIONAL LEJOS
A1460: 15010142 | B1460: CENTRAL CERVECERA - SESQUILE_CEDI ARMENIA | C1460: 1501 | D1460: 0142 | E1460: CENTRAL CERVECERA - SESQUILE | F1460: CEDI ARMENIA | G1460: 358 | H1460: Interregional Cerca | J1460: REGIONAL
A1461: 15010446 | B1461: CENTRAL CERVECERA - SESQUILE_CEDI BARBOSA | C1461: 1501 | D1461: 0446 | E1461: CENTRAL CERVECERA - SESQUILE | F1461: CEDI BARBOSA | G1461: 164 | H1461: Interregional Cerca | J1461: REGIONAL
A1462: 15010449 | B1462: CENTRAL CERVECERA - SESQUILE_CEDI BOSCONIA | C1462: 1501 | D1462: 0449 | E1462: CENTRAL CERVECERA - SESQUILE | F1462: CEDI BOSCONIA | G1462: 796 | H1462: Interregional Cerca | J1462: NACIONAL CERCA
A1463: 15010131 | B1463: CENTRAL CERVECERA - SESQUILE_CEDI BUENAVENTURA | C1463: 1501 | D1463: 0131 | E1463: CENTRAL CERVECERA - SESQUILE | F1463: CEDI BUENAVENTURA | G1463: 591 | H1463: Interregional Cerca | J1463: NACIONAL CERCA
A1464: 15010411 | B1464: CENTRAL CERVECERA - SESQUILE_CEDI BUGA | C1464: 1501 | D1464: 0411 | E1464: CENTRAL CERVECERA - SESQUILE | F1464: CEDI BUGA | G1464: 452 | H1464: Interregional Cerca | J1464: NACIONAL CERCA
A1465: 15010035 | B1465: CENTRAL CERVECERA - SESQUILE_CEDI CALLE 80 | C1465: 1501 | D1465: 0035 | E1465: CENTRAL CERVECERA - SESQUILE | F1465: CEDI CALLE 80 | G1465: 75 | H1465: Urbano | J1465: URBANO
A1466: 15010012 | B1466: CENTRAL CERVECERA - SESQUILE_CEDI CAQUEZA | C1466: 1501 | D1466: 0012 | E1466: CENTRAL CERVECERA - SESQUILE | F1466: CEDI CAQUEZA | G1466: 130 | H1466: Intrarregional | J1466: REGIONAL
A1467: 15010113 | B1467: CENTRAL CERVECERA - SESQUILE_CEDI CARTAGENA | C1467: 1501 | D1467: 0113 | E1467: CENTRAL CERVECERA - SESQUILE | F1467: CEDI CARTAGENA | G1467: 1130 | H1467: Interregional Lejos | J1467: NACIONAL LEJOS
A1468: 15010384 | B1468: CENTRAL CERVECERA - SESQUILE_CEDI CAUCASIA | C1468: 1501 | D1468: 0384 | E1468: CENTRAL CERVECERA - SESQUILE | F1468: CEDI CAUCASIA | G1468: 737 | H1468: Interregional Cerca | J1468: NACIONAL CERCA
... A1516: 15010447 | B1516: CENTRAL CERVECERA - SESQUILE_HIPINTO VALLEDUPAR | C1516: 1501 | D1516: 0447 | E1516: CENTRAL CERVECERA - SESQUILE | F1516: HIPINTO VALLEDUPAR | G1516: 825 | H1516: Interregional Lejos | J1516: NACIONAL LEJOS
A1517: 1501Nutrimenti | C1517: 1501 | D1517: Nutrimenti | E1517: SESQU | F1517: NUTRI | G1517: 62 | H1517: Urbano | J1517: URBANO
A1518: 1501PTE | C1518: 1501 | D1518: PTE | E1518: SESQU | F1518: NUTRI | G1518: 62 | H1518: Urbano | J1518: URBANO
A1519: 1501Nutrium | C1519: 1501 | D1519: Nutrium | E1519: SESQU | F1519: NUTRIUM | G1519: 62 | H1519: Urbano | J1519: URBANO
A1520: 15010079 | B1520: CENTRAL CERVECERA - SESQUILE_POSTOBON BELLO | C1520: 1501 | D1520: 0079 | E1520: CENTRAL CERVECERA - SESQUILE | F1520: POSTOBON BELLO | G1520: 487 | H1520: Interregional Cerca | J1520: NACIONAL CERCA
A1521: 01111501 | B1521: POSTOBON MALAMBO_CENTRAL CERVECERA - SESQUILE | C1521: 0111 | D1521: 1501 | E1521: POSTOBON MALAMBO | F1521: CENTRAL CERVECERA - SESQUILE | G1521: 1065 | H1521: Interregional Lejos | J1521: NACIONAL LEJOS
A1522: 03851501 | B1522: GASEOSAS DE CORDOBA-NEIVA_CENTRAL CERVECERA - SESQUILE | C1522: 0385 | D1522: 1501 | E1522: GASEOSAS DE CORDOBA-NEIVA | F1522: CENTRAL CERVECERA - SESQUILE | G1522: 380 | H1522: Intrarregional | J1522: REGIONAL
A1523: 03921501 | B1523: CEDI MARIQUITA_CENTRAL CERVECERA - SESQUILE | C1523: 0392 | D1523: 1501 | E1523: CEDI MARIQUITA | F1523: CENTRAL CERVECERA - SESQUILE | G1523: 238 | H1523: Intrarregional | J1523: REGIONAL
A1524: 00111501 | B1524: GASCOL SUR_CENTRAL CERVECERA - SESQUILE | C1524: 0011 | D1524: 1501 | E1524: GASCOL SUR | F1524: CENTRAL CERVECERA - SESQUILE | G1524: 77 | H1524: Urbano | J1524: URBANO
A1525: 00321501 | B1525: CEDI ZIPAQUIRA_CENTRAL CERVECERA - SESQUILE | C1525: 0032 | D1525: 1501 | E1525: CEDI ZIPAQUIRA | F1525: CENTRAL CERVECERA - SESQUILE | G1525: 39 | H1525: Intrarregional | J1525: URBANO
A1526: 00351501 | B1526: CEDI CALLE 80_CENTRAL CERVECERA - SESQUILE | C1526: 0035 | D1526: 1501 | E1526: CEDI CALLE 80 | F1526: CENTRAL CERVECERA - SESQUILE | G1526: 75 | H1526: Urbano | J1526: URBANO
A1527: 01131501 | B1527: CEDI CARTAGENA_CENTRAL CERVECERA - SESQUILE | C1527: 0113 | D1527: 1501 | E1527: CEDI CARTAGENA | F1527: CENTRAL CERVECERA - SESQUILE | G1527: 1130 | H1527: Interregional Lejos | J1527: NACIONAL LEJOS
A1528: 01311501 | B1528: CEDI BUENAVENTURA_CENTRAL CERVECERA - SESQUILE | C1528: 0131 | D1528: 1501 | E1528: CEDI BUENAVENTURA | F1528: CENTRAL CERVECERA - SESQUILE | G1528: 591 | H1528: Interregional Cerca | J1528: NACIONAL CERCA
A1529: 04100121 | C1529: 0410 | D1529: 0121 | E1529: YUMBO | F1529: ANSER | G1529: 245 | H1529: Intrarregional | J1529: REGIONAL
A1530: 01450113 | C1530: 0145 | D1530: 0113 | E1530: MANIZ | F1530: CARTA | G1530: 950 | H1530: Interregional Lejos | J1530: NACIONAL LEJOS
A1531: 03930111 | C1531: 0393 | D1531: 0111 | E1531: VCIO | F1531: MALAM | G1531: 1132 | H1531: Interregional Lejos | J1531: NACIONAL LEJOS
A1532: 15010134 | B1532: CENTRAL CERVECERA - SESQUILE_POSTOBON DOSQUEBRADAS | C1532: 1501 | D1532: 0134 | E1532: CENTRAL CERVECERA - SESQUILE | F1532: POSTOBON DOSQUEBRADAS | G1532: 402 | H1532: Interregional Cerca | J1532: NACIONAL CERCA
A1533: 15010111 | B1533: CENTRAL CERVECERA - SESQUILE_POSTOBON MALAMBO | C1533: 1501 | D1533: 0111 | E1533: CENTRAL CERVECERA - SESQUILE | F1533: POSTOBON MALAMBO | G1533: 1065 | H1533: Interregional Lejos | J1533: NACIONAL LEJOS
A1534: 04461501 | C1534: 0446 | D1534: 1501 | E1534: BARBO | F1534: SESQU | G1534: 163 | H1534: Interregional Cerca | J1534: REGIONAL
A1535: 04441501 | C1535: 0444 | D1535: 1501 | E1535: CHIQU | F1535: SESQU | G1535: 126 | H1535: Intrarregional | J1535: REGIONAL
A1536: 04381501 | C1536: 0438 | D1536: 1501 | E1536: CUCUT | F1536: SESQU | G1536: 601 | H1536: Interregional Cerca | J1536: NACIONAL CERCA
A1537: 01341501 | C1537: 0134 | D1537: 1501 | E1537: DOSQU | F1537: SESQU | G1537: 385 | H1537: Interregional Cerca | J1537: REGIONAL
A1538: 04411501 | C1538: 0441 | D1538: 1501 | E1538: DUITA | F1538: SESQU | G1538: 146 | H1538: Intrarregional | J1538: REGIONAL
A1539: 03891501 | C1539: 0389 | D1539: 1501 | E1539: IBAGU | F1539: SESQU | G1539: 235 | H1539: Intrarregional | J1539: REGIONAL
A1540: 03811501 | C1540: 0381 | D1540: 1501 | E1540: MONTE | F1540: SESQU | G1540: 857 | H1540: Interregional Lejos | J1540: NACIONAL LEJOS
A1541: 04221501 | C1541: 0422 | D1541: 1501 | E1541: PCUES | F1541: SESQU | G1541: 370 | H1541: Interregional Cerca | J1541: REGIONAL
A1542: 03901501 | C1542: 0390 | D1542: 1501 | E1542: RICAU | F1542: SESQU | G1542: 189 | H1542: Intrarregional | J1542: REGIONAL
A1543: 01181501 | C1543: 0118 | D1543: 1501 | E1543: STAMT | F1543: SESQU | G1543: 925 | H1543: Interregional Lejos | J1543: NACIONAL LEJOS
A1544: 04431501 | C1544: 0443 | D1544: 1501 | E1544: TUNJA | F1544: SESQU | G1544: 96 | H1544: Intrarregional | J1544: URBANO
A1545: 03931501 | C1545: 0393 | D1545: 1501 | E1545: VCIO | F1545: SESQU | G1545: 177 | H1545: Intrarregional | J1545: REGIONAL
... A1547: 04101501 | C1547: 0410 | D1547: 1501 | E1547: YUMBO | F1547: SESQU | G1547: 508 | H1547: Interregional Cerca | J1547: NACIONAL CERCA
A1548: 01310396 | C1548: 0131 | D1548: 0396 | E1548: BTURA | F1548: TUMACO | G1548: 572 | H1548: Interregional Cerca | J1548: NACIONAL CERCA
A1549: 01421501 | C1549: 0142 | D1549: 1501 | E1549: ARMENIA | F1549: SESQUILÉ | G1549: 358 | H1549: Interregional Cerca | J1549: REGIONAL
A1550: 00791501 | C1550: 0079 | D1550: 1501 | E1550: BELLO | F1550: SESQUILÉ | G1550: 487 | H1550: Interregional Cerca | J1550: NACIONAL CERCA
A1551: 0111Otros | C1551: 0111 | D1551: Otros | E1551: BQUIL | F1551: SESQUILÉ | G1551: 1065 | H1551: Interregional Lejos | J1551: NACIONAL LEJOS
A1552: 0113Otros | C1552: 0113 | D1552: Otros | E1552: CARTA | F1552: BGTA | G1552: 1130 | H1552: Interregional Lejos | J1552: NACIONAL LEJOS
A1553: 01340121 | C1553: 0134 | D1553: 0121 | E1553: DOSQUEB | F1553: ANSERMA | G1553: 97 | H1553: Intrarregional | J1553: URBANO
A1554: RE0410 | C1554: RE | D1554: 0410 | E1554: GUALANDAY | F1554: YUMBO | G1554: 284 | H1554: Intrarregional | J1554: REGIONAL
A1555: RE0134 | C1555: RE | D1555: 0134 | E1555: GUALANDY | F1555: DOSQUEB | G1555: 284 | H1555: Intrarregional | J1555: REGIONAL
A1556: 02921501 | C1556: 0292 | D1556: 1501 | E1556: ITAGU | F1556: SESQU | G1556: 503 | H1556: Interregional Cerca | J1556: NACIONAL CERCA
A1557: 0021RE | C1557: 0021 | D1557: RE | E1557: LUX | F1557: GUALANDY | G1557: 167 | H1557: Interregional Cerca | J1557: REGIONAL
A1558: 00211501 | C1558: 0021 | D1558: 1501 | E1558: LUX | F1558: SESQU | G1558: 63 | H1558: Urbano | J1558: URBANO
A1559: 01451501 | C1559: 0145 | D1559: 1501 | E1559: MANIZ | F1559: SESQU | G1559: 354 | H1559: Interregional Cerca | J1559: REGIONAL
A1560: 03951501 | C1560: 0395 | D1560: 1501 | E1560: PASTO | F1560: SESQU | G1560: 893 | H1560: Interregional Lejos | J1560: NACIONAL LEJOS
A1561: 15010410 | B1561: CENTRAL CERVECERA - SESQUILE_POSTOBON YUMBO | C1561: 1501 | D1561: 0410 | E1561: CENTRAL CERVECERA - SESQUILE | F1561: POSTOBON YUMBO | G1561: 508 | H1561: Interregional Cerca | J1561: NACIONAL CERCA
A1562: 04471501 | C1562: 0447 | D1562: 1501 | E1562: VDUPAR | F1562: SESQUILÉ | G1562: 916 | H1562: Interregional Lejos | J1562: NACIONAL LEJOS
A1563: ALMAV0142 | C1563: ALMAV | D1563: 0142 | E1563: ALMAV | F1563: ARMEN | G1563: 70 | H1563: Urbano | J1563: URBANO
A1564: ALMAV0134 | C1564: ALMAV | D1564: 0134 | E1564: ALMAV | F1564: DOSQU | G1564: 60 | H1564: Urbano | J1564: URBANO
A1565: 04460198 | C1565: 0446 | D1565: 0198 | E1565: BARBO | F1565: PEREI | G1565: 520 | H1565: Interregional Cerca | J1565: NACIONAL CERCA
A1566: 0079Iberplast | C1566: 0079 | D1566: Iberplast | E1566: BELLO | F1566: IBERP | G1566: 402 | H1566: Interregional Cerca | J1566: NACIONAL CERCA
A1567: 04490447 | C1567: 0449 | D1567: 0447 | E1567: BOSCO | F1567: VDUPA | G1567: 93 | H1567: Intrarregional | J1567: URBANO
A1568: 00350002 | C1568: 0035 | D1568: 0002 | E1568: CALLE | F1568: CENTR | G1568: 26 | H1568: Urbano | J1568: URBANO
A1569: 00350441 | C1569: 0035 | D1569: 0441 | E1569: CALLE | F1569: DUITA | G1569: 200 | H1569: Intrarregional | J1569: REGIONAL
A1570: 00350389 | C1570: 0035 | D1570: 0389 | E1570: CALLE | F1570: IBAGUE | G1570: 191 | H1570: Intrarregional | J1570: REGIONAL
A1571: 00350022 | C1571: 0035 | D1571: 0022 | E1571: CALLE | F1571: MADRI | G1571: 170 | H1571: Intrarregional | J1571: REGIONAL
A1572: 00350393 | C1572: 0035 | D1572: 0393 | E1572: CALLE | F1572: VCIO | G1572: 139 | H1572: Intrarregional | J1572: REGIONAL
A1573: 01130445 | C1573: 0113 | D1573: 0445 | E1573: CARTA | F1573: CALOT | G1573: 1254 | H1573: Interregional Lejos | J1573: NACIONAL LEJOS
... A1616: 00900410 | C1616: 0090 | D1616: 0410 | E1616: RIONE | F1616: YUMBO | G1616: 523 | H1616: Interregional Cerca | J1616: NACIONAL CERCA
A1617: Otros0145 | C1617: Otros | D1617: 0145 | E1617: SANGI | F1617: MANIZ | G1617: 500 | J1617: NACIONAL CERCA
A1618: PTE0424 | C1618: PTE | D1618: 0424 | E1618: SANTA | F1618: BARRA | G1618: 422 | H1618: Interregional Cerca | J1618: NACIONAL CERCA
A1619: PTE0438 | C1619: PTE | D1619: 0438 | E1619: SANTA | F1619: CUCUT | G1619: 565 | H1619: Interregional Cerca | J1619: NACIONAL CERCA
A1620: PTE0422 | C1620: PTE | D1620: 0422 | E1620: SANTA | F1620: PCUES | G1620: 418 | H1620: Interregional Cerca | J1620: NACIONAL CERCA
A1621: PTE0423 | C1621: PTE | D1621: 0423 | E1621: SANTA | F1621: PINCH | G1621: 304 | H1621: Interregional Cerca | J1621: REGIONAL
A1622: 03820381 | C1622: 0382 | D1622: 0381 | E1622: SINCE | F1622: MONTE | G1622: 112 | H1622: Intrarregional | J1622: REGIONAL
A1623: 0011RE | C1623: 0011 | D1623: RE | E1623: SUR | F1623: GUALA | G1623: 394 | H1623: Interregional Cerca | J1623: REGIONAL
A1624: 0011PTE | C1624: 0011 | D1624: PTE | E1624: SUR | F1624: SANTA | G1624: 389 | H1624: Interregional Cerca | J1624: REGIONAL
A1625: Otros0002 | C1625: Otros | D1625: 0002 | E1625: TOCAN | F1625: CENTR | G1625: 50 | H1625: Urbano | J1625: URBANO
A1626: OtrosOtros | C1626: Otros | D1626: Otros | E1626: TOCAN | F1626: CERBY | G1626: 63 | H1626: Urbano | J1626: URBANO
A1627: Otros0111 | C1627: Otros | D1627: 0111 | E1627: TOCAN | F1627: MALAM | G1627: 970 | H1627: Interregional Lejos | J1627: NACIONAL LEJOS
A1628: Otros0422 | C1628: Otros | D1628: 0422 | E1628: TOCAN | F1628: PCUES | G1628: 370 | H1628: Interregional Cerca | J1628: REGIONAL
A1629: Otros0011 | C1629: Otros | D1629: 0011 | E1629: TOCAN | F1629: SUR | G1629: 55 | H1629: Urbano | J1629: URBANO
... A1642: PELDAOtros | C1642: PELDA | D1642: Otros | E1642: PELDA | F1642: ZF | G1642: 70 | H1642: Urbano | J1642: URBANO
C1643: 50393 | D1643: 50869 | G1643: 197 | H1643: Interregional Cerca | J1643: NACIONAL CERCA

Sheet Hoja1
A1: Plaza | B1: Abrev Para facturar | F1: Plaza | G1: PLAZA | L1: Código facturación
A2: AIR LIQUIDE SIBATE | B2: AIRLQSI | F2: CEDI CAQUEZA | G2: CDCQZA | K2: GASCOL AGUAS0002A | L2: AGUAS
A3: CALOTO-NGB | B3: CALOT | F3: CEDI FUSA_ | G3: CDFUSA | K3: GASCOL CENTRO0002 | L3: CENTR
A4: CEDI AGUACHICA | B4: AGUAC | F4: GASCOL CENTRO | G4: GASCEN | K4: GASCOL SUR0011 | L4: SUR
A5: CEDI ANSERMA | B5: ANSER | F5: GASCOL SUR | G5: GASSUR | K5: GASEOSAS LUX BOGOTA0021 | L5: LUX
A6: CEDI ARACATACA | B6: ARACA | F6: NUTREO GUARNE | G6: NUTGUA | K6: NUTRIUM BOGOTÁ50304 | L6: NUTBOG
A7: CEDI ARMENIA | B7: ARMEN | F7: NUTRIMENTI | G7: NUTRIM | K7: ARTESANOS TOBERIN BOGOTA3052 | L7: BOART
A8: CEDI BARBOSA | B8: BARBO | F8: PLANTA PELDAR ZIPAQUIRA | G8: PLPZIP | K8: PEPSICO0804 | L8: PEPSIC
A9: CEDI BOSCONIA | B9: BOSCO | F9: PULPA FRUIT (NUTRIUM) | G9: PULFRU | K9: NUTRISNACKS1426 | L9: NTSNAC
A10: CEDI BUENAVENTURA | B10: BTURA | F10: INGENIO RIOPAILA | G10: RIOPAI | K10: PARQUEADERO TRANSCONTAINER60002 | L10: PQTRANS
A11: CEDI BUGA | B11: BUGA | F11: JERONIMO | G11: JERONI | K11: BOGOTA60015 | L11: KBOGOT
A12: CEDI CALLE 80 | B12: CALLE | F12: SAR MARTIN | G12: SARMAR | K12: NOVAVENTA60086 | L12: NOVBOG
A13: CEDI CARTAGENA | B13: CARTA | F13: EMPRESA PANAMERICANA DE INGENIERIA | G13: EMPANI | K13: VEOLIA10228 | L13: VEOLIA
... A202: SANTUARIO | B202: KSANTU | F202: DIACO S.A. SIBATE | G202: DIASIB | K202: MONGUA BOYACA50561 | L202: KMONG
A203: SANTA ROSA | B203: KSROSOS | K203: SOGAMOSO60049 | L203: KSOGAM
A204: SANTA ELENA | B204: KSTAELE | K204: PRODICARBONES SOGAMOSO50465 | L204: PRODSOG
A205: SANTA BARBARA | B205: STABARB | K205: TOPAGA BOYACA50562 | L205: KTOPAGA
A206: SAN VICENTE | B206: KSNVICE | K206: CEDI ANSERMA0146 | L206: ANSER
A207: TEBAIDA | B207: KTEBAI | K207: CEDI MANIZALES0145 | L207: MANIZ
A208: TENJO | B208: KTENJ | K208: LUX CAFE MANIZALES1711 | L208: LUCAF
A209: CANPACK COLOMBIA SAS | B209: CANPA | K209: CELEMA (FBC)1306 | L209: FCBCELM
A210: SIBATE | B210: KSIBA | K210: MANIZALES60024 | L210: KMANIZ
A211: ANTRACITAS NOBSA | B211: NOBSA | K211: SAN VICENTE60120 | L211: KSNVICE
A212: AMAGA | B212: KAMAG | K212: DESCAFENCOL50181 | L212: DESCA
A213: COPACABANA | B213: KCOPA | K213: CELEMA MANIZALES50371 | L213: CELEMA
A214: QUIBDO CHOCO | B214: KQUIBDO | K214: DESCAFEINADORA COLOMBIANA MANIZALES50383 | L214: DESCCOM
... A934: CADI CARIBE ISIMO | B934: CADCAR | K934: LA GOMEZ50817 | L934: GOMEZ
A935: BODEGA DE LICORES MAGDALENA RODADERO | B935: LICMAG
A936: BODEGA RENTA BRAVO PAEZ | B936: BRAVOP
A937: COOPIDROGAS PALMIRA | B937: COOPAL
A938: COOPERATIVA DE CAFICULTORES DE RISARALDA COOPCAFER | B938: COOPCA
A939: VIVERO AWAVICHOR | B939: AWAVIC
A940: VIVERO ALCEBA | B940: ALCEBA
A941: LA BODEGA MAGICA | B941: BODMAG
A942: RCN TV AV AMERICAS | B942: RCNAMS
A943: MERCAGAN SALITRE | B943: MERGAN
A944: INCOLAR | B944: INCOLA
A945: DISTRIBUICIONES EDMAR | B945: EDMAR
A946: F1 MERCAFAM | B946: F1FAM
... A1042: DIACO S.A. SIBATE | B1042: DIASIB
